platform,pump_id,month,coin_rank,n_exchanges,pair_count,channel,exchange,max_price_inc_pct,post_pump_change_pct,server_members,views,pump_type,date
Discord,1,1,219,17,18,PumpNation#discord,Binance,0.6879,-48.9317,1089,0,copied,2018-01-17
Discord,2,2,61,7,1,PumpElite#main,None,2.4009,-51.0162,2827,0,target,2018-02-27
Discord,3,1,335,5,2,CoinRocket#trade,None,1.0888,-1.1004,5607,0,obvious,2018-01-27
Discord,4,5,400,30,19,GainersClub#signals,Binance,2.618,-0.3393,14356,0,copied,2018-05-01
Discord,5,5,26,19,5,GainersClub#signals,Binance,1.7768,-59.6893,2051,0,copied,2018-05-27
Discord,6,5,48,162,172,TradeSignals#crypto,None,1.6869,-24.9732,1820,0,target,2018-05-20
Discord,7,3,186,12,2,PumpStation#general,Binance+Bittrex,4.4087,-74.6169,940,0,target,2018-03-19
Discord,8,5,122,21,20,PumpNation#discord,None,10.1111,-44.1749,3925,0,copied,2018-05-06
Discord,9,5,162,55,61,CoinRocket#trade,Binance,1.2835,0.4338,1863,0,target,2018-05-28
Discord,10,5,73,21,1,PumpStation#general,Bittrex,0.7956,3.3426,1914,0,copied,2018-05-09
Discord,11,5,378,3,5,GainersClub#signals,Other,3.4629,-27.8028,2372,0,copied,2018-05-13
Discord,12,5,343,8,1,GainersClub#signals,None,1.2916,-2.7686,5108,0,target,2018-05-09
Discord,13,4,175,12,2,CoinRocket#trade,Bittrex,2.7017,16.953,1357,0,copied,2018-04-30
Discord,14,4,478,2,3,PumpNation#discord,None,4.1332,-53.8661,1059,0,copied,2018-04-15
Discord,15,5,256,8,2,MoonMission#signals,None,3.5953,-0.3998,4429,0,copied,2018-05-04
Discord,16,3,73,9,1,CryptoGainz#pumps,Binance,0.5473,-41.699,141,0,target,2018-03-02
Discord,17,3,233,25,3,MoonMission#signals,Bittrex,5.8203,-54.6667,1294,0,obvious,2018-03-31
Discord,18,3,66,20,37,PumpKings#alerts,Bittrex,3.9,-64.1517,675,0,target,2018-03-09
Discord,19,4,378,7,1,GainersClub#signals,Binance+Bittrex,2.2135,-54.3957,11080,0,copied,2018-04-24
Discord,20,5,157,12,24,TradeSignals#crypto,None,0.9963,5.0461,1570,0,copied,2018-05-01
Discord,21,5,138,17,8,GainersClub#signals,Binance+Bittrex,0.8128,-66.1963,1362,0,copied,2018-05-27
Discord,22,4,86,30,3,CryptoGainz#pumps,Bittrex,5.8183,-51.4294,2503,0,copied,2018-04-20
Discord,23,2,523,3,1,MoonMission#signals,None,10.7319,-49.6247,1307,0,obvious,2018-02-06
Discord,24,5,142,5,1,CryptoGainz#pumps,None,2.4331,-43.0337,1643,0,obvious,2018-05-27
Discord,25,3,110,41,66,GainersClub#signals,Other,2.019,-69.3423,2976,0,copied,2018-03-10
Discord,26,6,118,10,12,CryptoGainz#pumps,Other,3.525,15.4701,1606,0,copied,2018-06-29
Discord,27,2,272,3,1,CoinRocket#trade,Bittrex,8.6207,-36.3912,1592,0,copied,2018-02-17
Discord,28,5,232,16,4,PumpNation#discord,None,3.1925,-49.8606,798,0,target,2018-05-14
Discord,29,5,243,16,2,GainersClub#signals,Bittrex,2.263,-41.9721,673,0,target,2018-05-02
Discord,30,5,247,2,4,MoonMission#signals,Bittrex,7.7506,-63.8985,2850,0,copied,2018-05-08
Discord,31,1,1247,6,1,MoonMission#signals,Binance,9.7539,-0.7621,3817,0,target,2018-01-02
Discord,32,6,112,29,113,CryptoHunters#pump,None,1.6851,-26.9836,485,0,obvious,2018-06-25
Discord,33,5,101,22,11,PumpElite#main,None,2.4036,-34.3085,6542,0,copied,2018-05-04
Discord,34,5,76,32,4,PumpStation#general,Bittrex,4.64,7.1557,6574,0,copied,2018-05-04
Discord,35,4,295,2,1,MoonshotHQ#pumps,None,1.6643,14.7405,8445,0,copied,2018-04-04
Discord,36,1,479,11,2,CoinRocket#trade,None,47.631,8.6962,3787,0,copied,2018-01-30
Discord,37,4,148,10,1,CoinRocket#trade,Binance,0.9191,-17.0339,5654,0,copied,2018-04-30
Discord,38,2,74,12,6,CryptoGainz#pumps,None,1.4292,-37.2579,35581,0,obvious,2018-02-21
Discord,39,3,75,39,4,MoonMission#signals,Bittrex,21.6339,1.4172,1853,0,target,2018-03-04
Discord,40,5,304,37,1,MoonMission#signals,None,3.5385,-60.2364,765,0,copied,2018-05-16
Discord,41,4,332,47,16,MoonMission#signals,Bittrex,3.392,12.4457,428,0,target,2018-04-29
Discord,42,1,275,33,1,PumpElite#main,Bittrex,5.257,-55.7521,21362,0,copied,2018-01-03
Discord,43,1,87,15,3,PumpKings#alerts,Binance+Bittrex,1.6237,11.3082,21697,0,copied,2018-01-24
Discord,44,2,205,16,2,MoonshotHQ#pumps,Bittrex,12.5116,-63.2622,883,0,obvious,2018-01-31
Discord,45,2,184,24,4,CryptoAlert#pump,None,4.1133,-38.6838,1117,0,target,2018-02-24
Discord,46,5,202,13,77,CryptoGainz#pumps,Binance+Bittrex,4.7158,-50.7281,1804,0,copied,2018-05-17
Discord,47,2,375,10,5,PumpStation#general,Bittrex,0.8671,-26.8386,11360,0,obvious,2018-02-26
Discord,48,5,203,24,17,PumpNation#discord,Other,12.1088,4.6059,574,0,target,2018-05-13
Discord,49,2,313,9,1,CryptoAlert#pump,None,2.6384,-21.0126,256,0,copied,2018-02-23
Discord,50,1,175,6,1,TradeSignals#crypto,None,11.917,-10.4389,34849,0,target,2018-01-26
Discord,51,5,216,8,5,PumpStation#general,Binance+Bittrex,2.3949,-2.0278,3844,0,target,2018-05-10
Discord,52,3,299,17,2,CryptoGainz#pumps,Bittrex,0.9995,-2.8348,4550,0,copied,2018-03-21
Discord,53,4,41,24,38,PumpStation#general,Binance,0.746,-68.3384,2078,0,copied,2018-04-14
Discord,54,6,121,20,2,TradeSignals#crypto,None,5.4723,14.3333,4612,0,target,2018-06-12
Discord,55,6,105,28,10,PumpElite#main,None,1.2806,-61.2858,438,0,copied,2018-06-23
Discord,56,5,90,12,2,CoinRocket#trade,Other,8.3604,3.7527,976,0,copied,2018-05-07
Discord,57,1,127,28,18,PumpElite#main,None,2.9833,-51.1673,3005,0,target,2018-01-04
Discord,58,5,676,9,1,CryptoGainz#pumps,Binance,16.6502,-36.5753,178,0,target,2018-05-15
Discord,59,6,72,6,2,CryptoHunters#pump,None,0.5642,-39.1624,1851,0,copied,2018-06-24
Discord,60,6,411,31,12,PumpStation#general,Binance,2.2368,-19.6079,1720,0,target,2018-06-04
Discord,61,1,33,16,3,CryptoHunters#pump,Binance,3.7751,-53.729,1850,0,copied,2018-01-11
Discord,62,3,120,3,2,PumpNation#discord,Binance+Bittrex,12.0401,-48.6504,1377,0,copied,2018-03-22
Discord,63,3,192,4,2,GainersClub#signals,Bittrex,1.4199,-0.1068,812,0,target,2018-03-16
Discord,64,1,286,4,1,MoonMission#signals,None,3.1924,-37.5481,304,0,copied,2018-01-19
Discord,65,5,322,10,2,TradeSignals#crypto,Bittrex,2.8389,-49.5072,3149,0,copied,2018-05-16
Discord,66,3,348,7,8,GainersClub#signals,None,3.2892,7.8896,1856,0,copied,2018-03-26
Discord,67,3,118,11,4,PumpStation#general,None,11.5756,16.3375,517,0,target,2018-03-28
Discord,68,1,106,27,9,CryptoGainz#pumps,None,3.1657,-2.8219,2856,0,copied,2018-01-14
Discord,69,4,370,12,6,CryptoHunters#pump,None,15.5884,-25.5337,1867,0,obvious,2018-04-13
Discord,70,2,137,18,75,MoonMission#signals,Bittrex,18.8239,-50.5437,1533,0,copied,2018-02-08
Discord,71,4,49,31,3,PumpStation#general,Bittrex,5.6267,-74.8252,204,0,copied,2018-04-14
Discord,72,1,56,36,51,CryptoGainz#pumps,Binance,2.9165,-30.4199,5969,0,target,2018-01-26
Discord,73,6,69,2,1,CryptoGainz#pumps,Bittrex,2.1662,-52.2003,612,0,obvious,2018-06-15
Discord,74,1,263,7,4,CoinRocket#trade,None,27.031,-1.821,2859,0,copied,2018-01-21
Discord,75,5,188,1,2,CryptoHunters#pump,Binance+Bittrex,4.5103,-68.4483,1014,0,copied,2018-05-13
Discord,76,2,316,10,8,CryptoGainz#pumps,Bittrex,3.3551,5.7579,1670,0,target,2018-02-21
Discord,77,1,110,15,9,GainersClub#signals,Binance,1.8298,-62.0924,10429,0,target,2018-01-22
Discord,78,2,191,31,8,MoonMission#signals,Binance+Bittrex,1.535,-26.1548,4988,0,copied,2018-02-15
Discord,79,1,297,29,16,MoonMission#signals,None,5.4306,-49.7017,10157,0,target,2018-01-29
Discord,80,1,123,17,6,CryptoGainz#pumps,Bittrex,8.4152,11.1953,3927,0,copied,2018-01-27
Discord,81,4,253,7,1,PumpNation#discord,None,2.3363,-59.8028,4246,0,target,2018-04-05
Discord,82,5,88,26,9,CryptoAlert#pump,None,7.8681,-21.6858,319,0,target,2018-05-07
Discord,83,1,117,9,5,CoinRocket#trade,None,5.5186,-59.8087,1818,0,copied,2018-01-29
Discord,84,4,114,15,2,PumpStation#general,Bittrex,2.7482,6.9981,2030,0,target,2018-04-13
Discord,85,5,53,51,10,CryptoGainz#pumps,None,0.4773,15.8485,11352,0,copied,2018-05-10
Discord,86,2,261,6,1,CryptoGainz#pumps,Binance,6.3349,-2.0742,1453,0,copied,2018-02-23
Discord,87,3,105,32,28,TradeSignals#crypto,Bittrex,6.067,4.143,3633,0,target,2018-03-20
Discord,88,1,166,23,23,PumpStation#general,None,6.4569,4.3783,3468,0,target,2018-01-04
Discord,89,2,259,4,2,CryptoAlert#pump,None,3.0664,4.1427,10496,0,target,2018-02-02
Discord,90,4,251,25,43,PumpElite#main,Binance,1.8033,-72.0107,2262,0,copied,2018-04-25
Discord,91,6,309,18,10,CoinRocket#trade,None,4.6923,-11.3255,7092,0,copied,2018-06-22
Discord,92,6,150,14,11,TradeSignals#crypto,Binance,0.6082,-44.2894,349,0,copied,2018-06-10
Discord,93,6,110,7,4,PumpStation#general,None,1.255,-75.2801,389,0,target,2018-06-25
Discord,94,4,152,6,2,PumpNation#discord,None,4.3392,-46.4786,175,0,target,2018-04-04
Discord,95,1,33,16,4,PumpStation#general,Other,2.4396,-41.8156,6748,0,obvious,2018-01-27
Discord,96,3,42,38,321,TradeSignals#crypto,None,1.3054,7.2414,5905,0,copied,2018-03-04
Discord,97,2,47,9,2,CoinRocket#trade,None,0.5636,13.6021,7698,0,target,2018-02-19
Discord,98,1,64,29,6,PumpStation#general,None,3.7459,-26.3912,1185,0,target,2018-01-26
Discord,99,1,240,3,2,TradeSignals#crypto,None,3.7866,3.6755,1357,0,target,2018-01-19
Discord,100,4,70,15,10,PumpStation#general,None,0.3961,-52.4219,2296,0,target,2018-04-24
Discord,101,3,115,16,1,CryptoGainz#pumps,Bittrex,7.559,-63.0046,14745,0,copied,2018-03-12
Discord,102,2,562,67,154,PumpNation#discord,None,15.8446,-22.5097,19848,0,copied,2018-02-08
Discord,103,5,117,4,1,PumpKings#alerts,Bittrex,10.8311,-45.7454,6811,0,copied,2018-05-08
Discord,104,3,330,35,4,MoonshotHQ#pumps,None,3.173,-63.8728,3930,0,target,2018-03-05
Discord,105,5,68,22,50,CryptoHunters#pump,Bittrex,0.7301,-52.5689,12964,0,copied,2018-05-09
Discord,106,2,135,20,22,CryptoHunters#pump,Bittrex,6.3777,-47.246,1956,0,obvious,2018-02-07
Discord,107,5,67,21,2,MoonMission#signals,None,1.3484,-65.9256,1666,0,copied,2018-05-23
Discord,108,2,119,22,103,CryptoGainz#pumps,Bittrex,4.7241,12.6341,2275,0,copied,2018-02-06
Discord,109,4,364,8,8,CryptoAlert#pump,Bittrex,0.8265,-39.0115,828,0,target,2018-04-05
Discord,110,2,32,96,56,PumpStation#general,None,1.2585,-57.3696,2154,0,copied,2018-02-21
Discord,111,2,248,7,23,CoinRocket#trade,Binance,5.5813,-54.257,702,0,target,2018-02-16
Discord,112,5,206,32,21,MoonMission#signals,Binance,11.144,-45.0453,8965,0,target,2018-05-07
Discord,113,2,94,9,4,CryptoGainz#pumps,Binance+Bittrex,4.671,-48.0115,5060,0,target,2018-02-21
Discord,114,2,42,22,5,PumpElite#main,Bittrex,2.7735,-50.5576,14499,0,obvious,2018-02-06
Discord,115,6,176,4,3,PumpNation#discord,Bittrex,1.2103,0.0758,382,0,copied,2018-06-23
Discord,116,1,99,24,22,PumpNation#discord,Binance,3.6718,-48.2118,25410,0,copied,2018-01-01
Discord,117,5,205,42,23,MoonshotHQ#pumps,Bittrex,4.6645,8.7752,409,0,copied,2018-05-18
Discord,118,5,168,12,2,MoonMission#signals,Bittrex,1.4195,-27.9994,638,0,copied,2018-05-18
Discord,119,2,748,5,2,PumpKings#alerts,Binance,11.9726,-37.836,1268,0,copied,2018-02-11
Discord,120,4,131,5,2,PumpStation#general,None,1.3521,-38.185,12545,0,target,2018-04-21
Discord,121,1,62,16,1,PumpNation#discord,None,4.1321,-29.2538,3467,0,target,2018-01-12
Discord,122,5,195,2,1,MoonMission#signals,Binance,3.6934,-52.9268,1984,0,target,2018-05-20
Discord,123,2,202,5,4,PumpElite#main,Bittrex,10.7601,-51.6841,1034,0,copied,2018-02-06
Discord,124,2,595,9,1,CryptoGainz#pumps,None,27.5663,-22.8911,517,0,copied,2018-02-17
Discord,125,3,362,29,20,TradeSignals#crypto,None,1.8943,4.8768,10188,0,copied,2018-03-24
Discord,126,6,231,135,45,TradeSignals#crypto,Bittrex,1.864,-43.2035,6850,0,target,2018-06-28
Discord,127,5,657,4,9,MoonshotHQ#pumps,Binance+Bittrex,10.9146,-63.3263,13229,0,target,2018-05-11
Discord,128,6,53,76,24,PumpStation#general,Binance,2.004,8.3234,4249,0,copied,2018-06-14
Discord,129,5,90,21,24,CryptoAlert#pump,None,4.3073,-57.9564,141,0,target,2018-05-15
Discord,130,5,68,16,5,CryptoGainz#pumps,None,4.1543,-0.7373,604,0,copied,2018-05-26
Discord,131,4,114,22,13,MoonMission#signals,None,6.0887,17.0227,4607,0,target,2018-04-29
Discord,132,6,44,24,31,CryptoGainz#pumps,Bittrex,3.2331,16.0305,1709,0,target,2018-06-19
Discord,133,4,300,11,3,MoonMission#signals,Bittrex,1.2418,-36.8085,1365,0,copied,2018-04-25
Discord,134,3,133,10,16,PumpElite#main,Binance,4.9507,-59.6855,714,0,copied,2018-03-04
Discord,135,5,41,6,1,CryptoGainz#pumps,Bittrex,1.8711,-55.8292,8177,0,copied,2018-05-23
Discord,136,5,63,5,3,MoonMission#signals,Bittrex,2.6284,14.3543,4560,0,target,2018-05-25
Discord,137,1,221,20,32,CryptoHunters#pump,None,4.7049,15.7484,4811,0,target,2018-01-22
Discord,138,3,363,7,7,TradeSignals#crypto,Binance,5.4637,-49.3678,1249,0,copied,2018-03-19
Discord,139,3,1087,3,14,GainersClub#signals,None,18.678,-59.234,3270,0,copied,2018-03-28
Discord,140,5,2036,4,1,PumpElite#main,Binance,17.5426,-31.8649,541,0,target,2018-05-20
Discord,141,3,243,22,2,CryptoGainz#pumps,Binance,2.5715,-26.3981,2272,0,copied,2018-03-27
Discord,142,5,64,23,3,TradeSignals#crypto,None,3.1736,-35.9132,141,0,target,2018-05-06
Discord,143,4,22,17,19,PumpStation#general,None,2.7469,0.0804,411,0,obvious,2018-04-20
Discord,144,5,212,34,34,CryptoGainz#pumps,Bittrex,0.8903,-30.2242,1808,0,copied,2018-05-14
Discord,145,1,76,74,48,PumpStation#general,None,6.4795,-33.2811,44599,0,copied,2018-01-27
Discord,146,6,111,24,3,GainersClub#signals,Bittrex,2.6181,7.5782,312,0,target,2018-06-26
Discord,147,4,92,39,55,MoonMission#signals,Binance,2.5226,-27.9939,605,0,target,2018-04-26
Discord,148,2,144,41,5,CryptoHunters#pump,Binance+Bittrex,3.0419,-63.8058,3431,0,copied,2018-02-06
Discord,149,2,451,23,50,MoonMission#signals,Bittrex,1.1609,3.6761,21714,0,copied,2018-02-14
Discord,150,2,191,21,373,PumpKings#alerts,None,2.8095,-34.0885,3372,0,copied,2018-01-31
Discord,151,3,141,23,19,PumpKings#alerts,Binance,3.9502,-61.3992,6108,0,obvious,2018-03-31
Discord,152,5,61,31,34,PumpStation#general,None,1.7472,15.6351,1775,0,copied,2018-05-08
Discord,153,6,33,10,2,PumpKings#alerts,None,1.1147,0.9782,1445,0,copied,2018-06-18
Discord,154,5,104,29,1,CryptoHunters#pump,Binance,3.5442,1.6189,2924,0,copied,2018-05-15
Discord,155,5,156,4,1,PumpElite#main,Binance,1.5278,11.421,1212,0,target,2018-05-28
Discord,156,4,876,3,1,PumpStation#general,Binance+Bittrex,18.429,-45.9127,6271,0,copied,2018-04-25
Discord,157,5,186,39,3,GainersClub#signals,None,3.1293,-1.1331,393,0,copied,2018-05-24
Discord,158,5,417,18,77,MoonMission#signals,None,1.2667,-30.3972,7636,0,copied,2018-05-20
Discord,159,3,102,60,48,PumpStation#general,None,2.3623,12.3797,2778,0,copied,2018-03-05
Discord,160,6,53,16,13,CryptoGainz#pumps,Bittrex,0.6668,2.6307,2054,0,copied,2018-06-27
Discord,161,3,66,7,2,CoinRocket#trade,Bittrex,3.051,10.8796,376,0,target,2018-03-03
Discord,162,5,83,14,5,MoonMission#signals,Other,2.7094,15.3338,827,0,target,2018-05-14
Discord,163,6,1231,6,9,GainersClub#signals,Binance,7.636,-45.5845,11020,0,copied,2018-06-11
Discord,164,5,75,19,9,CryptoGainz#pumps,None,2.1534,9.8018,2069,0,target,2018-05-12
Discord,165,2,364,25,25,PumpNation#discord,Binance,4.0867,-35.6459,3692,0,target,2018-03-01
Discord,166,5,70,13,5,MoonMission#signals,Bittrex,1.1244,-39.2406,932,0,copied,2018-05-07
Discord,167,1,397,12,3,CryptoHunters#pump,Other,31.3744,1.4664,2562,0,target,2018-01-18
Discord,168,5,237,4,1,PumpNation#discord,Binance+Bittrex,6.3508,-1.9675,519,0,copied,2018-05-07
Discord,169,3,142,20,1,MoonMission#signals,None,1.3814,-40.4544,2986,0,target,2018-03-29
Discord,170,5,158,13,4,PumpStation#general,Binance+Bittrex,6.0281,-66.2669,4119,0,target,2018-05-23
Discord,171,6,88,8,4,PumpElite#main,None,5.5547,-55.4558,3881,0,target,2018-06-12
Discord,172,2,251,8,1,CryptoAlert#pump,None,0.7708,-39.517,906,0,copied,2018-02-02
Discord,173,3,107,13,6,CryptoAlert#pump,None,6.1981,-51.6606,1766,0,copied,2018-03-06
Discord,174,5,51,17,9,CryptoGainz#pumps,None,1.3844,-2.0631,5021,0,target,2018-05-08
Discord,175,4,49,106,4,PumpNation#discord,None,0.6781,-59.9332,2062,0,target,2018-04-13
Discord,176,2,194,11,1,MoonMission#signals,None,17.5474,-1.135,1885,0,target,2018-02-26
Discord,177,1,732,5,3,CryptoGainz#pumps,Binance+Bittrex,18.7117,-54.6356,25463,0,copied,2018-01-04
Discord,178,4,191,1,1,CryptoHunters#pump,Bittrex,2.9739,9.1762,856,0,copied,2018-04-18
Discord,179,5,147,6,1,CoinRocket#trade,None,39.1197,-44.9203,9575,0,copied,2018-05-11
Discord,180,5,216,9,5,PumpElite#main,Binance,7.7245,4.3126,672,0,target,2018-05-02
Discord,181,2,566,4,6,TradeSignals#crypto,Binance,8.1689,2.1052,5774,0,copied,2018-02-18
Discord,182,4,202,40,57,MoonMission#signals,None,7.1644,1.6054,6152,0,target,2018-04-22
Discord,183,3,111,13,5,GainersClub#signals,Binance,2.3903,16.9202,1446,0,obvious,2018-03-30
Discord,184,3,468,26,7,MoonMission#signals,Other,1.205,-68.5351,624,0,target,2018-03-17
Discord,185,5,247,11,2,PumpStation#general,None,2.4797,-45.3459,255,0,obvious,2018-05-10
Discord,186,3,703,7,5,MoonMission#signals,Binance,7.1359,-50.6337,1276,0,target,2018-03-27
Discord,187,5,196,11,6,CryptoAlert#pump,None,4.4674,-0.5049,4956,0,copied,2018-05-08
Discord,188,6,51,21,23,CoinRocket#trade,Binance,2.4818,-23.8175,736,0,target,2018-06-20
Discord,189,5,45,105,74,PumpStation#general,None,2.3405,-21.477,2975,0,copied,2018-05-29
Discord,190,5,784,1,1,GainersClub#signals,None,36.3192,-50.0866,458,0,copied,2018-05-01
Discord,191,1,840,1,1,CryptoAlert#pump,Bittrex,36.443,-54.1105,2008,0,copied,2018-01-28
Discord,192,2,139,8,10,MoonshotHQ#pumps,Binance,2.3011,3.4011,678,0,target,2018-02-06
Discord,193,1,114,15,22,PumpElite#main,Bittrex,6.7229,6.901,2417,0,copied,2018-01-15
Discord,194,5,655,13,2,MoonMission#signals,Bittrex,18.0531,-2.9906,1462,0,obvious,2018-05-08
Discord,195,5,57,31,1,PumpElite#main,Bittrex,0.7772,16.34,644,0,target,2018-05-05
Discord,196,2,70,13,43,TradeSignals#crypto,None,5.7834,-0.9189,1212,0,target,2018-02-21
Discord,197,2,302,24,17,TradeSignals#crypto,Bittrex,7.3861,-36.5041,873,0,copied,2018-02-14
Discord,198,3,113,38,2,TradeSignals#crypto,None,6.4514,11.3319,556,0,copied,2018-03-17
Discord,199,5,164,15,3,PumpKings#alerts,Binance,2.2037,-58.7378,9602,0,copied,2018-05-15
Discord,200,5,141,32,45,PumpStation#general,None,15.2902,10.2062,1728,0,copied,2018-05-23
Discord,201,5,226,14,5,PumpElite#main,Bittrex,4.1656,13.9903,193,0,copied,2018-05-29
Discord,202,6,623,4,1,CryptoGainz#pumps,Binance+Bittrex,8.4957,-21.5046,1264,0,copied,2018-06-15
Discord,203,3,179,23,68,PumpStation#general,Other,6.3586,-67.568,7864,0,copied,2018-03-06
Discord,204,5,302,11,1,CoinRocket#trade,Binance,0.7618,-38.1258,1073,0,target,2018-05-10
Discord,205,5,23,30,6,CryptoHunters#pump,None,1.3683,-44.8301,15723,0,copied,2018-05-15
Discord,206,3,157,49,35,TradeSignals#crypto,Bittrex,3.9687,10.6791,958,0,copied,2018-03-05
Discord,207,6,74,2,1,PumpNation#discord,Other,0.6401,-47.4432,4823,0,target,2018-06-06
Discord,208,1,52,6,5,TradeSignals#crypto,Other,10.7977,-71.1687,9090,0,obvious,2018-01-07
Discord,209,5,71,6,8,PumpNation#discord,None,1.7123,-16.6782,4528,0,target,2018-05-30
Discord,210,5,120,10,6,GainersClub#signals,Binance,1.2814,-73.9715,517,0,copied,2018-05-13
Discord,211,6,391,7,6,PumpStation#general,Binance,2.712,-65.7165,865,0,target,2018-06-26
Discord,212,4,47,5,1,CryptoHunters#pump,Binance,1.2012,-48.9097,10652,0,target,2018-04-17
Discord,213,3,169,5,2,PumpStation#general,Bittrex,4.7904,-54.0579,1019,0,copied,2018-03-17
Discord,214,5,104,7,3,PumpStation#general,Binance,2.3683,-45.7731,8454,0,copied,2018-05-29
Discord,215,5,120,132,105,CryptoGainz#pumps,None,2.0399,-30.8897,1590,0,copied,2018-05-21
Discord,216,4,425,42,60,TradeSignals#crypto,Other,0.7213,-59.6994,3137,0,copied,2018-04-08
Discord,217,5,274,7,6,PumpNation#discord,None,3.0017,13.1571,510,0,target,2018-05-09
Discord,218,2,583,5,2,CryptoAlert#pump,Bittrex,16.3217,-53.9869,1287,0,target,2018-02-19
Discord,219,5,142,5,1,CryptoAlert#pump,Bittrex,1.5568,-63.4593,937,0,copied,2018-05-01
Discord,220,5,85,3,1,MoonshotHQ#pumps,Other,37.4972,5.8462,3467,0,target,2018-05-05
Discord,221,3,133,13,6,PumpStation#general,Bittrex,2.678,-70.2033,2962,0,copied,2018-03-04
Discord,222,4,207,4,2,MoonshotHQ#pumps,Bittrex,7.1774,-35.5741,4595,0,copied,2018-04-22
Discord,223,6,194,11,83,TradeSignals#crypto,Binance+Bittrex,0.5506,7.2628,1480,0,copied,2018-06-13
Discord,224,5,59,4,1,MoonshotHQ#pumps,Other,2.9207,-60.8368,878,0,copied,2018-05-01
Discord,225,5,179,6,4,CryptoGainz#pumps,None,2.1742,11.7349,3295,0,copied,2018-05-23
Discord,226,3,204,13,24,PumpStation#general,Bittrex,3.4457,8.937,780,0,copied,2018-03-21
Discord,227,6,1778,6,3,MoonshotHQ#pumps,Binance+Bittrex,12.178,7.7423,9552,0,target,2018-06-21
Discord,228,2,971,8,69,CryptoGainz#pumps,Binance,35.1401,1.3167,2314,0,target,2018-02-04
Discord,229,4,73,5,1,MoonMission#signals,Bittrex,4.733,-70.3878,1800,0,target,2018-04-27
Discord,230,4,125,31,25,PumpKings#alerts,None,3.3864,2.4203,4593,0,copied,2018-04-06
Discord,231,5,41,11,2,PumpStation#general,Binance,1.6339,-50.8455,2422,0,target,2018-05-18
Discord,232,6,94,29,10,PumpStation#general,None,3.3625,4.5284,369,0,target,2018-06-16
Discord,233,5,222,11,7,CryptoAlert#pump,Bittrex,1.8928,-65.0505,751,0,copied,2018-05-07
Discord,234,5,515,2,2,MoonshotHQ#pumps,Binance,28.3431,-74.19,9320,0,obvious,2018-05-12
Discord,235,4,82,13,9,MoonshotHQ#pumps,None,5.6748,-67.4926,2930,0,copied,2018-04-02
Discord,236,4,88,23,57,MoonMission#signals,Bittrex,5.4426,-66.2022,359,0,target,2018-04-15
Discord,237,4,21,55,27,CryptoGainz#pumps,None,0.8402,-61.5968,4029,0,target,2018-04-21
Discord,238,1,141,12,3,PumpKings#alerts,Bittrex,2.671,-46.1332,1364,0,obvious,2018-01-10
Discord,239,4,60,78,759,PumpKings#alerts,None,4.0803,-2.805,938,0,target,2018-04-17
Discord,240,5,99,39,35,PumpStation#general,Bittrex,3.8184,-64.8584,680,0,copied,2018-05-29
Discord,241,5,72,15,3,PumpNation#discord,Bittrex,1.232,5.7646,8702,0,copied,2018-05-08
Discord,242,5,150,26,5,CryptoAlert#pump,None,1.6161,-2.9419,256,0,copied,2018-05-09
Discord,243,3,31,149,28,CoinRocket#trade,Bittrex,8.2811,8.8653,980,0,copied,2018-03-05
Discord,244,5,41,135,263,MoonMission#signals,Bittrex,1.9061,-67.556,3059,0,copied,2018-05-17
Discord,245,1,1232,1,1,MoonMission#signals,None,28.7208,11.7846,17303,0,copied,2018-01-07
Discord,246,3,48,9,5,PumpStation#general,Other,0.5418,8.8051,5121,0,target,2018-03-27
Discord,247,4,58,76,41,CryptoGainz#pumps,None,2.8924,11.5639,970,0,obvious,2018-04-09
Discord,248,2,935,2,2,CoinRocket#trade,None,64.683,-2.9997,16324,0,copied,2018-02-19
Discord,249,1,2036,1,1,PumpKings#alerts,None,37.3754,-61.6464,529,0,copied,2018-01-06
Discord,250,5,54,13,1,PumpElite#main,None,9.9026,-48.0225,3635,0,target,2018-05-10
Discord,251,4,116,22,15,TradeSignals#crypto,Other,2.5493,-1.7517,4735,0,target,2018-04-06
Discord,252,4,227,10,10,CryptoGainz#pumps,Bittrex,5.9018,-51.2679,930,0,target,2018-04-17
Discord,253,2,844,3,2,PumpStation#general,Binance,24.2989,11.6677,6075,0,target,2018-01-31
Discord,254,5,64,10,1,PumpStation#general,None,7.6002,-60.1921,1440,0,copied,2018-05-03
Discord,255,4,130,7,7,CryptoGainz#pumps,None,1.8451,-38.8016,6058,0,target,2018-04-16
Discord,256,4,343,4,1,PumpElite#main,Binance+Bittrex,4.6172,-34.1259,297,0,copied,2018-04-17
Discord,257,5,248,82,25,TradeSignals#crypto,Binance,6.1061,-66.3397,3948,0,copied,2018-05-10
Discord,258,1,115,19,3,MoonshotHQ#pumps,Bittrex,1.6397,13.8609,1625,0,obvious,2018-01-13
Discord,259,6,145,30,80,CryptoHunters#pump,Other,6.8849,-62.0933,10397,0,copied,2018-06-12
Discord,260,1,44,15,16,PumpKings#alerts,None,17.0229,12.0717,2517,0,copied,2018-01-23
Discord,261,4,131,12,12,CryptoGainz#pumps,Binance,4.6802,-15.7664,11702,0,target,2018-04-14
Discord,262,2,128,7,15,PumpKings#alerts,None,10.0177,10.9233,4847,0,target,2018-02-25
Discord,263,5,205,1,13,MoonMission#signals,None,9.5286,-67.7072,2279,0,copied,2018-05-07
Discord,264,3,97,4,1,MoonshotHQ#pumps,None,4.2228,-46.8762,6762,0,target,2018-03-07
Discord,265,5,257,2,1,CoinRocket#trade,Binance,6.28,-63.1851,6813,0,target,2018-05-13
Discord,266,3,429,1,1,CryptoGainz#pumps,None,8.0703,-44.7103,4646,0,target,2018-03-04
Discord,267,5,190,4,1,MoonMission#signals,None,6.7499,11.855,174,0,target,2018-05-21
Discord,268,2,229,36,5,CryptoGainz#pumps,None,4.0723,12.5314,825,0,copied,2018-02-11
Discord,269,1,173,12,4,MoonshotHQ#pumps,Binance,0.979,-55.893,13737,0,target,2018-01-11
Discord,270,4,164,41,5,PumpStation#general,Other,7.2106,-57.2064,596,0,copied,2018-04-17
Discord,271,5,83,25,20,PumpStation#general,None,4.1416,-48.9437,7568,0,target,2018-05-03
Discord,272,4,222,23,12,CryptoGainz#pumps,Bittrex,2.8618,-57.9228,6140,0,copied,2018-04-12
Discord,273,6,150,6,5,TradeSignals#crypto,Binance+Bittrex,2.5861,-31.9746,1119,0,target,2018-06-29
Discord,274,5,1191,8,7,CoinRocket#trade,Other,26.044,-39.4824,247,0,copied,2018-05-19
Discord,275,6,729,13,13,CryptoHunters#pump,Other,16.0821,-51.0636,1348,0,copied,2018-06-17
Discord,276,3,237,6,1,MoonMission#signals,Binance,2.1737,12.2119,31333,0,target,2018-03-17
Discord,277,5,80,29,213,PumpStation#general,Binance+Bittrex,3.5417,-42.2144,950,0,copied,2018-05-15
Discord,278,5,57,34,24,TradeSignals#crypto,Binance,0.7387,-52.1811,1032,0,target,2018-05-29
Discord,279,5,508,4,1,CryptoGainz#pumps,None,9.2829,-70.3197,810,0,copied,2018-05-28
Discord,280,6,211,4,1,PumpStation#general,None,0.8277,-27.524,11233,0,copied,2018-06-12
Discord,281,5,259,3,1,PumpElite#main,Bittrex,1.338,-63.6515,1987,0,target,2018-05-28
Discord,282,6,31,29,15,PumpStation#general,Binance,2.202,12.4982,1260,0,target,2018-06-02
Discord,283,5,396,12,5,PumpStation#general,Binance,1.913,-51.4332,14224,0,target,2018-05-10
Discord,284,1,253,5,1,TradeSignals#crypto,Binance+Bittrex,4.0036,-1.4456,5280,0,copied,2018-01-10
Discord,285,5,57,21,131,CoinRocket#trade,None,1.5444,-1.6713,889,0,copied,2018-05-21
Discord,286,4,105,26,27,CryptoGainz#pumps,Other,1.9395,4.5835,619,0,obvious,2018-04-19
Discord,287,6,211,20,25,MoonMission#signals,Binance,5.1405,8.0795,10502,0,target,2018-06-14
Discord,288,5,173,50,8,GainersClub#signals,Binance,0.6772,-54.4971,2705,0,target,2018-05-08
Discord,289,1,125,45,7,PumpStation#general,Bittrex,2.3011,-68.0095,420,0,copied,2018-01-16
Discord,290,1,149,5,2,PumpStation#general,None,9.2299,-52.1485,318,0,target,2018-01-09
Discord,291,1,129,64,45,CryptoHunters#pump,None,9.384,13.015,704,0,target,2018-01-15
Discord,292,4,190,7,1,CryptoHunters#pump,Other,1.331,4.0289,608,0,copied,2018-04-11
Discord,293,1,662,18,7,CryptoAlert#pump,Bittrex,36.551,-64.5117,233,0,target,2018-01-27
Discord,294,5,14,40,22,MoonMission#signals,None,2.708,-67.3541,718,0,copied,2018-05-23
Discord,295,5,131,10,3,PumpStation#general,Bittrex,1.3143,-46.9887,889,0,target,2018-05-06
Discord,296,5,194,2,1,PumpElite#main,None,2.2026,-53.2491,1530,0,target,2018-05-29
Discord,297,3,218,10,2,CryptoHunters#pump,None,3.4877,2.7775,19827,0,copied,2018-03-21
Discord,298,4,116,3,1,CryptoGainz#pumps,Binance+Bittrex,1.7592,-29.8123,1931,0,target,2018-04-11
Discord,299,1,31,63,40,PumpElite#main,None,1.281,-33.933,2173,0,target,2018-01-16
Discord,300,5,224,43,50,CryptoGainz#pumps,Bittrex,6.1455,-39.5746,4857,0,copied,2018-05-06
Discord,301,2,843,3,5,TradeSignals#crypto,None,210.9037,-58.8497,2000,0,copied,2018-02-01
Discord,302,1,38,32,12,TradeSignals#crypto,Binance,1.5199,-28.4626,4266,0,copied,2018-01-13
Discord,303,2,372,4,1,PumpKings#alerts,Binance+Bittrex,5.6863,13.4104,3701,0,target,2018-02-23
Discord,304,5,120,8,6,CryptoAlert#pump,Binance,0.9151,-58.9099,3067,0,obvious,2018-05-11
Discord,305,1,155,26,29,CryptoAlert#pump,Binance,1.3433,-67.8086,49415,0,target,2018-01-12
Discord,306,5,60,19,5,PumpStation#general,Binance,0.9351,-45.2435,7830,0,copied,2018-05-30
Discord,307,5,120,70,107,MoonMission#signals,Bittrex,1.5192,-37.0189,733,0,copied,2018-05-30
Discord,308,5,563,5,7,CryptoHunters#pump,None,13.7783,-56.6376,4117,0,target,2018-05-14
Discord,309,2,285,25,65,PumpStation#general,Binance+Bittrex,2.1397,-53.4422,1035,0,copied,2018-02-01
Discord,310,1,847,7,29,MoonMission#signals,Bittrex,27.1121,-56.8202,4506,0,target,2018-01-21
Discord,311,4,501,16,2,CryptoGainz#pumps,None,10.3598,-63.8598,517,0,copied,2018-04-22
Discord,312,2,249,7,3,CryptoAlert#pump,None,6.1855,2.2361,711,0,target,2018-02-27
Discord,313,5,856,6,2,PumpKings#alerts,Binance,8.1498,14.2377,3990,0,target,2018-05-29
Discord,314,3,249,9,3,PumpNation#discord,Bittrex,2.5322,0.7198,8678,0,copied,2018-03-20
Discord,315,4,360,4,1,MoonMission#signals,None,9.6767,-64.9781,4819,0,copied,2018-04-04
Discord,316,1,124,26,2,PumpStation#general,None,5.2014,4.5489,7317,0,obvious,2018-01-08
Discord,317,5,175,22,12,TradeSignals#crypto,Bittrex,1.1237,5.4226,4135,0,target,2018-05-22
Discord,318,2,85,29,6,PumpStation#general,None,3.3332,-46.0823,3255,0,copied,2018-02-18
Discord,319,5,419,34,20,PumpStation#general,Binance,3.8828,-32.6176,1457,0,obvious,2018-05-14
Discord,320,1,54,76,16,MoonMission#signals,Bittrex,5.4883,-44.1444,6968,0,copied,2018-01-13
Discord,321,6,345,6,1,GainersClub#signals,None,0.8037,3.2897,8964,0,copied,2018-06-21
Discord,322,5,137,19,13,MoonMission#signals,None,8.4043,-33.5748,2460,0,target,2018-05-13
Discord,323,2,498,4,2,PumpStation#general,None,4.5397,-63.6828,2308,0,target,2018-02-04
Discord,324,1,335,9,8,MoonMission#signals,Binance,15.1668,-2.9295,17574,0,target,2018-01-30
Discord,325,3,920,3,19,CryptoGainz#pumps,Binance,59.0102,-30.8313,2588,0,copied,2018-03-12
Discord,326,2,328,40,31,PumpStation#general,Binance,2.2929,1.9457,2901,0,target,2018-02-08
Discord,327,2,37,34,33,PumpElite#main,Binance,3.6369,4.0907,4715,0,copied,2018-02-02
Discord,328,5,154,11,1,PumpStation#general,Binance,0.8197,3.5861,2361,0,target,2018-05-15
Discord,329,5,54,61,7,MoonMission#signals,Other,2.9368,13.4967,1000,0,copied,2018-05-30
Discord,330,2,101,2,6,CryptoHunters#pump,Other,4.9832,-58.0262,4155,0,obvious,2018-02-04
Discord,331,5,687,1,1,GainersClub#signals,None,11.4576,-2.0053,2532,0,obvious,2018-05-08
Discord,332,2,301,20,2,CryptoGainz#pumps,Bittrex,3.8858,5.1679,23677,0,copied,2018-02-05
Discord,333,6,85,18,8,MoonMission#signals,Binance,3.6938,-2.2122,6768,0,copied,2018-06-02
Discord,334,1,63,24,11,CryptoGainz#pumps,None,1.2333,-55.2946,1306,0,target,2018-01-19
Discord,335,5,170,4,1,CryptoAlert#pump,Binance,1.8682,-36.1153,6307,0,target,2018-05-09
Discord,336,5,52,21,7,CryptoGainz#pumps,None,1.7582,-72.8388,3823,0,copied,2018-05-23
Discord,337,1,87,101,275,CryptoGainz#pumps,Binance,2.6366,-62.9176,12570,0,obvious,2018-01-13
Discord,338,2,221,23,4,PumpKings#alerts,Other,6.238,-54.393,1422,0,target,2018-02-19
Discord,339,3,491,9,1,CryptoGainz#pumps,None,1.5198,16.5436,3318,0,target,2018-03-04
Discord,340,5,293,6,9,CryptoGainz#pumps,Other,6.6648,13.5944,2357,0,target,2018-05-10
Discord,341,5,18,24,23,PumpStation#general,None,1.3257,17.6254,2842,0,copied,2018-05-13
Discord,342,5,219,1,1,CryptoHunters#pump,None,1.3045,-57.3676,926,0,copied,2018-05-02
Discord,343,5,176,16,1,CryptoHunters#pump,Binance,5.6414,-45.2978,5257,0,target,2018-05-13
Discord,344,5,243,23,4,CryptoHunters#pump,None,1.844,-51.741,4358,0,copied,2018-05-15
Discord,345,4,759,1,1,PumpNation#discord,None,13.3182,-23.386,12214,0,target,2018-04-13
Discord,346,4,23,17,36,MoonMission#signals,None,5.1357,-60.1833,2620,0,copied,2018-04-16
Discord,347,5,94,6,1,MoonshotHQ#pumps,Binance+Bittrex,1.7061,-34.7452,1625,0,obvious,2018-05-24
Discord,348,2,288,4,1,GainersClub#signals,Bittrex,7.38,-68.0202,6775,0,target,2018-02-23
Discord,349,5,37,26,31,TradeSignals#crypto,None,6.2488,-41.1731,1032,0,copied,2018-05-01
Discord,350,1,664,1,1,GainersClub#signals,Other,10.3167,-45.3824,9627,0,target,2018-01-20
Discord,351,2,233,19,35,MoonMission#signals,Bittrex,4.413,-58.485,9603,0,obvious,2018-02-27
Discord,352,5,366,18,2,MoonMission#signals,Binance,1.6849,-50.5347,11815,0,target,2018-05-27
Discord,353,3,96,13,9,PumpKings#alerts,Binance,7.2202,16.1134,4149,0,copied,2018-03-11
Discord,354,1,355,1,1,PumpStation#general,Binance+Bittrex,5.6817,-50.0193,1487,0,target,2018-01-24
Discord,355,2,452,3,5,PumpKings#alerts,Binance,3.0115,-31.9219,3019,0,copied,2018-02-24
Discord,356,5,205,35,37,PumpStation#general,Binance,2.4506,-46.6969,4166,0,copied,2018-05-11
Discord,357,5,205,1,1,PumpStation#general,Binance,4.8445,3.6321,1363,0,copied,2018-05-27
Discord,358,1,212,8,1,MoonshotHQ#pumps,None,2.7728,-50.0167,12929,0,target,2018-01-19
Discord,359,1,72,6,3,GainersClub#signals,Binance,6.5457,11.5233,5283,0,copied,2018-01-23
Discord,360,4,143,28,11,PumpElite#main,Binance,3.4273,-48.9167,918,0,target,2018-04-23
Discord,361,6,142,7,6,MoonMission#signals,Binance+Bittrex,1.1838,3.4376,24848,0,copied,2018-06-23
Discord,362,3,236,16,21,PumpElite#main,Bittrex,3.3927,15.6524,2977,0,copied,2018-03-30
Discord,363,6,424,14,15,MoonshotHQ#pumps,None,1.7679,-62.6447,722,0,obvious,2018-06-25
Discord,364,5,60,103,47,CryptoHunters#pump,None,1.1674,5.6258,988,0,copied,2018-05-13
Discord,365,3,146,11,1,CryptoHunters#pump,Bittrex,4.3816,-37.248,15538,0,target,2018-03-18
Discord,366,5,668,10,2,PumpKings#alerts,Binance+Bittrex,5.418,4.8936,23196,0,target,2018-05-20
Discord,367,5,81,4,3,MoonMission#signals,Bittrex,4.1392,-45.4434,8801,0,target,2018-05-26
Discord,368,4,75,52,7,GainersClub#signals,Binance,0.162,-21.6583,12718,0,copied,2018-04-12
Discord,369,4,199,6,6,CryptoAlert#pump,Bittrex,7.1875,16.1954,11257,0,copied,2018-04-10
Discord,370,5,366,5,7,PumpKings#alerts,Binance,0.7632,14.5715,5140,0,copied,2018-05-23
Discord,371,5,166,12,7,MoonMission#signals,Binance,1.6919,-40.3697,3921,0,target,2018-05-29
Discord,372,5,578,1,1,PumpKings#alerts,Other,5.9051,17.2947,5037,0,copied,2018-05-28
Discord,373,6,370,11,1,PumpKings#alerts,Binance,0.6696,-21.1005,6359,0,copied,2018-06-04
Discord,374,4,365,21,112,CryptoAlert#pump,Binance,9.6441,-41.3455,1098,0,copied,2018-04-28
Discord,375,5,278,13,3,GainersClub#signals,Binance+Bittrex,2.7309,-1.6038,6328,0,target,2018-05-24
Discord,376,5,1486,1,1,MoonMission#signals,Binance+Bittrex,20.5002,-68.8638,15008,0,target,2018-05-05
Discord,377,2,135,12,27,MoonMission#signals,Binance,3.3369,-64.3345,2075,0,copied,2018-01-31
Discord,378,1,24,58,33,PumpKings#alerts,Binance,0.6191,2.1101,1827,0,target,2018-01-07
Discord,379,4,750,1,1,PumpStation#general,Binance,131.5849,-65.6655,4672,0,target,2018-04-28
Discord,380,5,107,6,3,CoinRocket#trade,Bittrex,2.9097,-44.8144,1225,0,copied,2018-05-23
Discord,381,3,182,27,25,TradeSignals#crypto,None,7.17,-50.4732,554,0,target,2018-03-19
Discord,382,5,568,9,6,CryptoHunters#pump,None,12.8224,3.318,10372,0,obvious,2018-05-19
Discord,383,1,36,36,46,CryptoGainz#pumps,Bittrex,9.7674,-68.1026,1551,0,obvious,2018-01-13
Discord,384,3,50,113,759,GainersClub#signals,Bittrex,1.7132,-44.8717,2710,0,copied,2018-03-29
Discord,385,5,36,38,69,GainersClub#signals,None,1.3494,5.9114,1284,0,copied,2018-05-05
Discord,386,1,77,32,2,CryptoGainz#pumps,None,2.0871,-52.6627,12091,0,target,2018-01-10
Discord,387,6,249,120,126,CryptoHunters#pump,Binance,0.5108,-38.1412,7309,0,target,2018-06-06
Discord,388,2,270,8,15,CryptoHunters#pump,Binance,0.8864,6.9357,1992,0,copied,2018-02-25
Discord,389,6,214,5,10,TradeSignals#crypto,Binance+Bittrex,1.4324,3.1209,652,0,target,2018-06-16
Discord,390,2,43,34,10,CryptoGainz#pumps,Other,10.7807,-59.8206,1756,0,copied,2018-02-20
Discord,391,6,18,50,118,CryptoGainz#pumps,Binance,3.1539,13.5995,5221,0,copied,2018-06-27
Discord,392,5,173,8,12,CoinRocket#trade,Bittrex,7.3272,1.6881,3318,0,target,2018-05-06
Discord,393,1,105,6,67,PumpStation#general,Bittrex,8.6899,-42.069,3019,0,target,2018-01-29
Discord,394,1,254,83,19,PumpKings#alerts,Bittrex,13.2165,11.6269,3410,0,target,2018-01-04
Discord,395,1,320,13,3,PumpNation#discord,Binance+Bittrex,2.7419,14.8871,6534,0,copied,2018-01-23
Discord,396,5,187,6,1,CryptoGainz#pumps,None,1.2064,-60.8339,2523,0,obvious,2018-05-22
Discord,397,5,338,21,6,PumpKings#alerts,Other,10.6076,-40.123,4527,0,copied,2018-05-25
Discord,398,4,204,10,1,CryptoAlert#pump,Binance,2.8839,9.6777,820,0,copied,2018-04-05
Discord,399,4,272,8,1,CoinRocket#trade,Binance,3.2556,4.4373,49415,0,copied,2018-04-29
Discord,400,5,84,28,8,CoinRocket#trade,None,8.765,-65.5497,1892,0,copied,2018-05-24
Discord,401,5,139,4,2,PumpElite#main,Binance+Bittrex,14.301,0.9457,3377,0,target,2018-05-04
Discord,402,5,198,16,4,CryptoGainz#pumps,Binance,5.4456,-0.1787,5199,0,target,2018-05-17
Discord,403,4,357,50,307,CryptoGainz#pumps,Bittrex,1.0422,12.6277,1627,0,copied,2018-04-25
Discord,404,5,113,23,12,GainersClub#signals,None,10.9789,6.8518,2676,0,target,2018-05-15
Discord,405,6,269,7,16,MoonMission#signals,None,5.2284,-34.3573,2638,0,obvious,2018-06-11
Discord,406,3,128,9,6,MoonMission#signals,None,4.5046,-21.6634,895,0,target,2018-03-10
Discord,407,1,147,9,12,PumpStation#general,None,1.6403,-43.9004,4466,0,target,2018-01-16
Discord,408,1,361,7,4,TradeSignals#crypto,Binance+Bittrex,2.6676,-62.96,373,0,copied,2018-01-30
Discord,409,5,25,21,59,PumpStation#general,Binance+Bittrex,1.6748,-39.2384,21287,0,target,2018-05-19
Discord,410,3,48,50,30,PumpNation#discord,Binance,1.4474,-2.0273,6804,0,copied,2018-03-23
Discord,411,6,40,5,4,MoonMission#signals,None,1.4859,17.6606,5667,0,copied,2018-06-23
Discord,412,5,18,73,66,PumpElite#main,None,2.7277,-51.7671,336,0,target,2018-05-24
Discord,413,5,86,12,4,CryptoGainz#pumps,Binance,0.5777,11.0974,1034,0,copied,2018-05-13
Discord,414,5,334,13,10,CryptoGainz#pumps,None,6.8964,-38.439,13822,0,obvious,2018-05-24
Discord,415,2,125,5,36,PumpElite#main,Bittrex,5.0881,-60.8882,49415,0,obvious,2018-02-09
Discord,416,5,198,39,15,GainersClub#signals,Binance,1.5014,-66.5329,10968,0,target,2018-05-18
Discord,417,1,461,25,22,CryptoGainz#pumps,Bittrex,2.2929,-48.3547,9093,0,target,2018-01-10
Discord,418,5,578,17,41,PumpKings#alerts,None,4.7967,-29.959,4948,0,target,2018-05-29
Discord,419,6,154,3,5,PumpKings#alerts,None,1.2956,14.7278,968,0,target,2018-06-21
Discord,420,5,592,15,7,CryptoGainz#pumps,Binance+Bittrex,21.1979,6.202,8653,0,target,2018-05-18
Discord,421,5,179,18,1,PumpElite#main,None,2.898,-48.0286,716,0,obvious,2018-05-14
Discord,422,3,74,4,3,CryptoGainz#pumps,None,10.4736,-63.8507,629,0,copied,2018-03-17
Discord,423,5,94,16,1,CoinRocket#trade,None,5.0546,-32.6918,583,0,obvious,2018-05-24
Discord,424,5,40,33,110,PumpStation#general,None,3.6188,17.0642,8455,0,copied,2018-05-09
Discord,425,5,71,30,19,CoinRocket#trade,Bittrex,3.3956,1.19,2477,0,copied,2018-05-25
Discord,426,1,117,17,30,MoonMission#signals,None,1.9164,-55.7662,2989,0,copied,2018-01-09
Discord,427,2,352,12,1,PumpKings#alerts,None,3.8624,-58.4051,2603,0,copied,2018-02-04
Discord,428,5,837,23,1,PumpKings#alerts,None,7.6373,-13.2542,696,0,copied,2018-05-23
Discord,429,1,44,68,54,MoonshotHQ#pumps,Binance,6.5829,0.8879,1195,0,copied,2018-01-22
Discord,430,5,238,1,1,CoinRocket#trade,None,5.2725,-41.4149,1268,0,copied,2018-05-11
Discord,431,5,61,15,4,TradeSignals#crypto,None,0.8859,-40.7921,499,0,copied,2018-05-20
Discord,432,6,258,9,4,CryptoGainz#pumps,Bittrex,1.5831,-65.2527,1456,0,target,2018-06-21
Discord,433,1,145,2,26,MoonMission#signals,None,5.4263,-52.9253,733,0,copied,2018-01-24
Discord,434,6,29,30,45,PumpStation#general,Bittrex,2.373,-48.3348,5268,0,copied,2018-06-28
Discord,435,1,396,27,52,PumpKings#alerts,Binance,5.608,-61.1352,5816,0,obvious,2018-01-26
Discord,436,4,93,6,8,GainersClub#signals,Binance,9.5161,15.697,570,0,target,2018-04-14
Discord,437,5,99,22,71,TradeSignals#crypto,None,1.6818,-63.6578,1864,0,copied,2018-05-07
Discord,438,1,60,9,3,PumpElite#main,Other,3.4736,-69.2086,24068,0,copied,2018-01-03
Discord,439,1,88,9,1,CryptoHunters#pump,Bittrex,8.61,-52.9804,826,0,target,2018-01-18
Discord,440,1,247,40,17,CryptoGainz#pumps,None,4.0337,-37.4436,4403,0,target,2018-01-20
Discord,441,4,137,8,10,PumpStation#general,Bittrex,2.1581,15.7261,3006,0,target,2018-04-21
Discord,442,5,224,17,2,PumpNation#discord,Binance+Bittrex,1.1265,7.4794,9718,0,copied,2018-05-01
Discord,443,1,232,2,1,CryptoGainz#pumps,None,21.0389,-63.6674,3767,0,copied,2018-01-22
Discord,444,1,574,39,9,PumpStation#general,None,66.9014,-0.3585,1588,0,copied,2018-01-24
Discord,445,5,119,25,84,CryptoAlert#pump,None,6.1308,3.4095,2871,0,target,2018-05-22
Discord,446,2,40,20,26,CryptoAlert#pump,None,0.3721,12.8372,2921,0,target,2018-02-15
Discord,447,5,451,14,15,CryptoHunters#pump,None,8.1549,-46.1582,2378,0,copied,2018-05-01
Discord,448,6,120,4,3,MoonMission#signals,Bittrex,4.9636,-61.8844,553,0,copied,2018-06-14
Discord,449,5,472,23,11,TradeSignals#crypto,Bittrex,1.4534,-39.1862,11617,0,target,2018-05-20
Discord,450,5,236,8,4,CryptoGainz#pumps,Binance,3.8992,14.7658,9417,0,target,2018-05-18
Discord,451,4,145,11,1,PumpKings#alerts,Other,6.8282,-41.4417,766,0,target,2018-04-18
Discord,452,5,229,7,1,MoonMission#signals,None,1.7538,-36.288,1855,0,copied,2018-05-16
Discord,453,2,1041,3,1,MoonshotHQ#pumps,None,15.4933,-55.2581,2029,0,copied,2018-02-16
Discord,454,1,1173,10,7,MoonshotHQ#pumps,Bittrex,13.4654,-48.6352,671,0,target,2018-01-10
Discord,455,5,176,16,36,CryptoHunters#pump,Binance,5.8688,-54.034,288,0,copied,2018-05-19
Discord,456,1,191,21,76,PumpStation#general,None,2.5345,4.3007,1195,0,copied,2018-01-09
Discord,457,6,455,8,26,CoinRocket#trade,None,0.9742,-60.5883,1736,0,copied,2018-06-14
Discord,458,5,74,29,4,CryptoGainz#pumps,Bittrex,0.3127,-1.7141,478,0,target,2018-05-13
Discord,459,6,225,7,2,MoonshotHQ#pumps,Binance,3.5312,10.9803,3272,0,target,2018-06-21
Discord,460,3,160,95,102,CryptoGainz#pumps,Bittrex,7.76,-44.1496,10561,0,copied,2018-03-28
Discord,461,4,221,2,19,PumpStation#general,Binance+Bittrex,0.7164,12.5294,7214,0,copied,2018-04-19
Discord,462,5,75,56,198,GainersClub#signals,Bittrex,0.9175,-42.0678,2281,0,copied,2018-05-05
Discord,463,2,36,84,196,PumpKings#alerts,Bittrex,3.3935,5.9043,297,0,copied,2018-02-20
Discord,464,5,23,14,4,TradeSignals#crypto,None,2.4933,9.245,6207,0,target,2018-05-10
Discord,465,5,57,149,31,PumpStation#general,Bittrex,1.8909,-49.4226,3155,0,target,2018-05-02
Discord,466,6,106,38,55,TradeSignals#crypto,Bittrex,0.9793,-61.9573,4391,0,target,2018-06-05
Discord,467,5,125,34,4,PumpStation#general,Binance,2.7562,-70.4631,26470,0,copied,2018-05-30
Discord,468,1,1028,6,2,PumpStation#general,None,23.0061,-34.5859,995,0,target,2018-01-13
Discord,469,4,468,6,2,PumpKings#alerts,Bittrex,5.7845,-73.7315,141,0,copied,2018-04-07
Discord,470,5,66,16,58,CryptoGainz#pumps,Bittrex,10.4934,-60.0616,758,0,copied,2018-05-05
Discord,471,1,229,16,5,PumpElite#main,Binance,3.0044,17.7348,4725,0,copied,2018-01-20
Discord,472,4,112,53,1,PumpStation#general,None,3.2784,-37.6046,2738,0,copied,2018-04-23
Discord,473,3,126,17,16,PumpStation#general,None,6.1589,-46.8124,625,0,copied,2018-03-12
Discord,474,1,196,5,1,GainersClub#signals,Binance,5.2834,-31.5936,490,0,target,2018-01-04
Discord,475,4,295,21,11,CryptoGainz#pumps,Binance,1.9841,-46.2466,1740,0,copied,2018-04-11
Discord,476,2,119,34,16,CryptoHunters#pump,Binance,1.4066,2.145,603,0,target,2018-02-19
Discord,477,5,450,15,5,PumpNation#discord,None,4.5032,-64.7719,4923,0,target,2018-05-04
Discord,478,2,56,40,58,PumpStation#general,None,0.9834,-67.4031,1626,0,copied,2018-02-08
Discord,479,5,165,10,1,PumpNation#discord,Binance+Bittrex,0.6978,-26.4389,1258,0,copied,2018-05-01
Discord,480,2,1918,2,1,MoonMission#signals,Bittrex,30.59,-25.3358,1077,0,copied,2018-02-14
Discord,481,6,203,5,5,MoonMission#signals,None,3.7776,-43.6928,3625,0,target,2018-06-05
Discord,482,1,638,1,1,PumpStation#general,None,25.9536,9.0325,2789,0,target,2018-01-06
Discord,483,5,179,15,1,TradeSignals#crypto,Bittrex,5.1281,-44.7824,3371,0,copied,2018-05-04
Discord,484,3,285,9,10,PumpElite#main,Binance,1.5135,9.8302,3285,0,copied,2018-03-23
Discord,485,2,156,9,17,CoinRocket#trade,Bittrex,4.2746,-60.2977,2434,0,target,2018-02-14
Discord,486,4,140,1,1,CryptoAlert#pump,None,10.5826,8.5313,776,0,copied,2018-04-29
Discord,487,5,78,6,1,MoonMission#signals,None,3.3382,-22.6865,1113,0,copied,2018-05-12
Discord,488,6,247,29,37,MoonshotHQ#pumps,None,3.9386,-55.3869,1659,0,copied,2018-06-06
Discord,489,3,73,10,1,GainersClub#signals,None,2.3785,15.2517,30859,0,target,2018-03-08
Discord,490,2,309,13,9,MoonshotHQ#pumps,Bittrex,3.4613,9.7052,533,0,copied,2018-02-28
Discord,491,5,459,2,1,MoonshotHQ#pumps,Bittrex,1.1024,-69.9179,1611,0,target,2018-05-18
Discord,492,5,233,40,5,CryptoAlert#pump,Binance,1.8207,7.6657,2980,0,target,2018-05-10
Discord,493,2,125,13,3,PumpStation#general,None,1.2438,-0.4167,1849,0,target,2018-02-19
Discord,494,5,253,14,5,PumpNation#discord,None,9.8748,-74.9212,9502,0,copied,2018-05-17
Discord,495,4,123,116,31,TradeSignals#crypto,Bittrex,5.4604,11.7674,1838,0,copied,2018-04-04
Discord,496,5,399,34,38,CryptoHunters#pump,Binance,9.3249,-59.8037,2006,0,target,2018-05-22
Discord,497,3,29,21,6,MoonMission#signals,None,3.2146,-29.4092,6982,0,target,2018-03-05
Discord,498,4,120,8,12,CryptoAlert#pump,None,2.9199,-41.1328,22806,0,target,2018-04-06
Discord,499,2,25,22,16,CryptoGainz#pumps,None,1.4789,-0.2257,14124,0,target,2018-02-21
Discord,500,5,40,38,8,CoinRocket#trade,Binance,1.5656,-37.9571,2254,0,copied,2018-05-14
Discord,501,2,598,6,1,CoinRocket#trade,None,12.0435,-51.5519,2500,0,target,2018-02-06
Discord,502,5,384,6,1,CryptoGainz#pumps,None,5.7411,-72.3304,2803,0,target,2018-05-03
Discord,503,5,83,64,52,GainersClub#signals,None,4.5227,-46.2547,3158,0,copied,2018-05-18
Discord,504,5,39,22,7,PumpStation#general,None,0.6239,-2.442,968,0,target,2018-05-21
Discord,505,1,10,182,6,GainersClub#signals,None,8.5223,7.2592,8071,0,copied,2018-01-07
Discord,506,3,98,17,4,TradeSignals#crypto,None,2.2656,-45.7215,3390,0,copied,2018-03-14
Discord,507,4,1622,23,3,MoonMission#signals,None,12.4457,9.0214,2514,0,copied,2018-04-11
Discord,508,5,248,15,53,GainersClub#signals,Bittrex,1.2048,17.9801,585,0,copied,2018-05-27
Discord,509,6,97,38,2,CryptoGainz#pumps,Bittrex,5.766,-11.1,2855,0,target,2018-06-23
Discord,510,3,255,5,1,TradeSignals#crypto,None,5.5196,-66.2622,279,0,copied,2018-03-10
Discord,511,5,37,11,21,CryptoAlert#pump,None,1.5183,-58.7784,1328,0,copied,2018-05-16
Discord,512,2,124,22,61,CryptoGainz#pumps,Binance,1.5778,-49.1505,1358,0,target,2018-02-27
Discord,513,3,181,30,6,GainersClub#signals,Binance,2.0121,-35.3059,3729,0,copied,2018-03-12
Discord,514,1,152,14,3,CoinRocket#trade,None,5.8412,11.9589,24759,0,copied,2018-01-05
Discord,515,5,348,3,2,CoinRocket#trade,None,7.2543,14.8204,5232,0,copied,2018-05-09
Discord,516,2,228,3,1,GainersClub#signals,None,7.032,-26.6528,14827,0,copied,2018-02-18
Discord,517,2,310,2,1,CoinRocket#trade,Binance+Bittrex,4.8681,4.2741,5709,0,obvious,2018-03-01
Discord,518,5,86,3,1,CryptoHunters#pump,None,1.5645,7.6872,10097,0,copied,2018-05-10
Discord,519,5,385,10,33,CryptoGainz#pumps,None,5.1677,-40.4643,24099,0,copied,2018-05-02
Discord,520,1,768,18,5,MoonMission#signals,Bittrex,7.3693,-59.2773,1111,0,copied,2018-01-06
Discord,521,1,65,19,11,TradeSignals#crypto,Binance,13.6492,17.4596,1028,0,target,2018-01-13
Discord,522,4,71,2,3,PumpStation#general,None,2.7003,5.7652,5871,0,copied,2018-04-03
Discord,523,3,582,6,38,PumpElite#main,Binance,22.7975,-63.7425,2640,0,copied,2018-03-03
Discord,524,2,137,12,2,CryptoGainz#pumps,None,4.8964,13.9531,3445,0,target,2018-02-19
Discord,525,5,621,47,25,TradeSignals#crypto,None,3.7466,-25.1126,1973,0,copied,2018-05-25
Discord,526,2,108,4,17,PumpElite#main,None,17.9167,8.0458,1305,0,copied,2018-02-06
Discord,527,5,651,5,1,PumpKings#alerts,Bittrex,9.3674,1.7032,18198,0,copied,2018-05-16
Discord,528,3,186,56,113,CryptoGainz#pumps,None,2.8072,-64.7011,717,0,copied,2018-03-19
Discord,529,2,210,17,2,PumpKings#alerts,Binance,2.2932,-48.3993,5995,0,target,2018-02-20
Discord,530,1,723,11,6,CryptoAlert#pump,None,48.914,-31.3031,4944,0,copied,2018-01-30
Discord,531,2,117,16,6,CoinRocket#trade,Binance,3.8688,9.1888,406,0,copied,2018-02-26
Discord,532,1,67,25,4,CoinRocket#trade,None,7.6844,1.5793,988,0,target,2018-01-10
Discord,533,3,107,31,4,PumpNation#discord,None,0.3933,-2.9364,1206,0,target,2018-03-31
Discord,534,6,252,5,3,MoonMission#signals,Binance,1.0144,-33.7064,5187,0,target,2018-06-01
Discord,535,5,37,54,104,PumpKings#alerts,Bittrex,1.9085,-67.1714,1714,0,copied,2018-05-29
Discord,536,3,301,3,1,MoonMission#signals,None,0.8663,-44.5226,2395,0,target,2018-03-06
Discord,537,5,99,21,11,CryptoGainz#pumps,Binance,2.458,-9.6563,469,0,copied,2018-05-04
Discord,538,5,487,9,8,GainersClub#signals,Binance,3.3572,-61.208,42066,0,copied,2018-05-04
Discord,539,5,17,20,3,MoonshotHQ#pumps,Binance+Bittrex,1.3168,1.9538,2886,0,copied,2018-05-04
Discord,540,2,78,17,21,MoonshotHQ#pumps,None,3.2964,-21.0961,4798,0,target,2018-02-13
Discord,541,3,33,15,20,MoonshotHQ#pumps,Other,2.1022,1.056,1395,0,copied,2018-03-21
Discord,542,3,75,7,82,PumpKings#alerts,Bittrex,3.0811,4.7893,1221,0,obvious,2018-03-24
Discord,543,1,208,8,2,MoonMission#signals,None,6.035,15.6605,25744,0,copied,2018-01-01
Discord,544,3,139,5,1,CryptoHunters#pump,Binance+Bittrex,1.3053,-28.8132,271,0,target,2018-03-10
Discord,545,5,129,19,25,CryptoAlert#pump,Binance+Bittrex,5.6371,5.1449,3693,0,copied,2018-05-04
Discord,546,6,141,5,6,GainersClub#signals,Bittrex,1.6233,14.7489,628,0,target,2018-06-04
Discord,547,1,199,22,5,CoinRocket#trade,Bittrex,3.747,-35.7151,1638,0,target,2018-01-23
Discord,548,4,63,7,2,GainersClub#signals,Bittrex,2.467,8.6679,1242,0,copied,2018-04-20
Discord,549,3,321,5,4,PumpNation#discord,None,6.3973,-2.8401,821,0,copied,2018-03-08
Discord,550,4,308,5,1,MoonshotHQ#pumps,Binance,0.8087,-63.8383,2766,0,copied,2018-04-10
Discord,551,5,237,36,11,PumpNation#discord,None,5.1824,-56.3087,141,0,copied,2018-05-28
Discord,552,1,278,14,7,PumpKings#alerts,Binance,19.7693,-59.9494,1822,0,target,2018-01-18
Discord,553,5,218,9,14,MoonMission#signals,Bittrex,3.2225,-41.4036,2382,0,target,2018-05-08
Discord,554,6,1127,8,1,CoinRocket#trade,Binance,9.1223,0.9635,527,0,copied,2018-06-28
Discord,555,5,151,2,1,MoonMission#signals,Other,3.428,-44.23,16014,0,copied,2018-05-06
Discord,556,5,123,14,1,CryptoAlert#pump,None,0.6769,-52.5998,1308,0,copied,2018-05-09
Discord,557,5,80,104,13,CoinRocket#trade,Bittrex,0.9815,-48.2805,1999,0,target,2018-05-21
Discord,558,3,62,22,2,CoinRocket#trade,Binance,0.8944,-46.6744,1312,0,copied,2018-03-17
Discord,559,1,50,23,10,MoonMission#signals,Bittrex,2.6913,-64.3777,2407,0,target,2018-01-03
Discord,560,5,71,30,3,CryptoHunters#pump,None,1.2547,-53.2233,12551,0,copied,2018-05-25
Discord,561,1,154,29,6,CoinRocket#trade,Bittrex,9.1361,-50.3521,49415,0,copied,2018-01-07
Discord,562,5,226,1,1,PumpStation#general,None,3.787,-57.1329,6432,0,copied,2018-05-21
Discord,563,4,173,2,1,MoonshotHQ#pumps,Bittrex,0.5905,16.5568,9662,0,target,2018-04-11
Discord,564,4,80,21,56,MoonMission#signals,Binance,1.5207,9.6876,20388,0,target,2018-04-23
Discord,565,3,385,4,4,PumpKings#alerts,None,5.3807,-67.792,3564,0,target,2018-03-28
Discord,566,6,331,30,16,CryptoGainz#pumps,Binance+Bittrex,6.6839,-52.1365,17137,0,target,2018-06-23
Discord,567,2,141,10,2,PumpElite#main,Binance,2.0075,-62.2684,6800,0,target,2018-02-27
Discord,568,2,88,3,1,GainersClub#signals,None,16.9835,-64.1753,3146,0,copied,2018-02-16
Discord,569,2,276,3,1,MoonshotHQ#pumps,Binance,1.2492,-32.8379,4021,0,target,2018-02-01
Discord,570,5,196,1,1,PumpStation#general,Bittrex,6.4544,16.5205,304,0,target,2018-05-17
Discord,571,6,41,19,3,CryptoAlert#pump,Bittrex,7.1646,3.5125,3752,0,copied,2018-06-13
Discord,572,2,154,11,5,GainersClub#signals,Binance+Bittrex,1.6299,-71.2658,423,0,target,2018-02-21
Discord,573,6,211,8,1,MoonMission#signals,None,2.3708,12.0478,384,0,target,2018-06-07
Discord,574,3,70,49,35,CryptoGainz#pumps,Binance,1.7255,-30.2468,3335,0,copied,2018-03-22
Discord,575,5,197,35,49,MoonMission#signals,None,10.4318,-66.6878,705,0,obvious,2018-05-14
Discord,576,1,41,20,7,MoonshotHQ#pumps,None,12.3873,-49.4205,2629,0,target,2018-01-21
Discord,577,4,582,1,3,MoonMission#signals,None,33.621,-73.1468,3126,0,copied,2018-04-13
Discord,578,5,536,13,2,PumpKings#alerts,None,14.5195,13.2125,3296,0,target,2018-05-12
Discord,579,5,129,23,15,GainersClub#signals,None,1.9682,-45.6498,905,0,target,2018-05-07
Discord,580,2,232,14,6,MoonshotHQ#pumps,None,1.9613,17.4897,7715,0,target,2018-02-24
Discord,581,5,16,85,44,CryptoHunters#pump,Bittrex,1.5246,-49.0262,2385,0,target,2018-05-03
Discord,582,6,55,7,2,PumpNation#discord,Binance+Bittrex,1.1749,-2.6183,4479,0,copied,2018-06-07
Discord,583,4,124,87,58,CryptoGainz#pumps,None,7.4341,16.997,639,0,target,2018-04-13
Discord,584,5,59,8,10,MoonshotHQ#pumps,Binance+Bittrex,0.5657,-66.9629,2145,0,target,2018-05-05
Discord,585,5,323,19,54,MoonMission#signals,None,2.3951,-49.566,9769,0,target,2018-05-28
Discord,586,2,1088,1,1,PumpStation#general,Binance,40.4603,5.2234,8399,0,copied,2018-02-10
Discord,587,5,54,9,11,CryptoAlert#pump,None,1.7942,-64.6825,1028,0,target,2018-05-08
Discord,588,3,74,70,17,CryptoGainz#pumps,Binance,2.0047,-73.51,1386,0,copied,2018-03-09
Discord,589,5,205,9,11,CryptoGainz#pumps,None,3.4897,14.5978,819,0,target,2018-05-06
Discord,590,1,755,14,2,CryptoHunters#pump,Binance,36.2862,-74.8812,1215,0,copied,2018-01-20
Discord,591,3,51,26,53,MoonMission#signals,Binance,7.2971,-62.0741,502,0,target,2018-03-16
Discord,592,5,208,10,75,CryptoGainz#pumps,None,12.0053,-28.1449,2250,0,obvious,2018-05-07
Discord,593,5,921,20,8,CryptoHunters#pump,None,22.8431,-44.8363,5627,0,target,2018-05-27
Discord,594,5,34,21,1,PumpNation#discord,None,2.3614,-15.5213,1043,0,target,2018-05-20
Discord,595,6,49,4,1,PumpNation#discord,None,4.6668,-49.8651,2381,0,copied,2018-06-12
Discord,596,1,110,7,15,CryptoGainz#pumps,Bittrex,1.7909,-54.9655,2040,0,copied,2018-01-16
Discord,597,3,100,26,27,PumpElite#main,None,9.7257,-8.8862,9292,0,copied,2018-03-21
Discord,598,3,355,13,8,TradeSignals#crypto,Bittrex,13.3125,-28.0594,1282,0,target,2018-03-06
Discord,599,4,207,2,2,CryptoGainz#pumps,Other,6.4441,8.439,1338,0,copied,2018-04-25
Discord,600,4,30,14,12,CryptoGainz#pumps,Binance+Bittrex,2.5573,-54.9763,970,0,target,2018-04-08
Discord,601,5,268,6,12,PumpStation#general,Binance,2.0391,-30.2877,686,0,copied,2018-05-01
Discord,602,5,95,12,18,CoinRocket#trade,None,2.8072,-54.2231,4973,0,copied,2018-05-16
Discord,603,1,549,2,5,CryptoGainz#pumps,None,67.3087,8.8576,2258,0,copied,2018-01-27
Discord,604,4,91,9,6,GainersClub#signals,Binance,1.1687,-53.4397,2830,0,copied,2018-04-22
Discord,605,5,90,8,11,CryptoAlert#pump,None,3.3097,-53.764,12061,0,copied,2018-05-10
Discord,606,4,274,20,7,CryptoGainz#pumps,Other,27.5947,4.5469,12913,0,copied,2018-04-12
Discord,607,1,339,19,4,CryptoHunters#pump,Binance,2.5224,-47.8321,374,0,target,2018-01-18
Discord,608,3,251,9,36,CryptoGainz#pumps,None,2.8122,14.3979,5726,0,copied,2018-03-08
Discord,609,4,33,18,12,PumpStation#general,Binance,6.2513,2.5443,3467,0,target,2018-04-25
Discord,610,2,274,11,14,PumpNation#discord,Binance,0.7048,7.3371,1532,0,obvious,2018-02-08
Discord,611,5,62,9,5,PumpKings#alerts,None,2.3199,-68.4446,3914,0,copied,2018-05-07
Discord,612,3,205,4,1,CryptoAlert#pump,Binance,8.4147,-40.0637,340,0,obvious,2018-03-04
Discord,613,5,42,10,4,PumpElite#main,Binance,11.5319,-69.1435,15080,0,copied,2018-05-21
Discord,614,4,251,6,16,CryptoGainz#pumps,None,8.3959,8.7637,4890,0,target,2018-04-01
Discord,615,5,76,6,5,PumpKings#alerts,Binance,3.4685,12.5929,948,0,target,2018-05-25
Discord,616,1,49,25,1,CryptoGainz#pumps,None,2.0843,6.9043,1322,0,copied,2018-01-30
Discord,617,1,323,18,7,MoonshotHQ#pumps,None,35.6657,-32.1883,350,0,obvious,2018-01-04
Discord,618,3,207,2,7,GainersClub#signals,Binance,1.1203,11.2859,1826,0,copied,2018-03-04
Discord,619,4,92,17,6,MoonMission#signals,Other,2.7276,-65.6397,1494,0,copied,2018-04-29
Discord,620,3,649,5,1,CoinRocket#trade,Binance,24.1379,7.1912,549,0,copied,2018-03-05
Discord,621,5,108,21,113,GainersClub#signals,None,6.4245,-53.1985,6674,0,target,2018-05-13
Discord,622,2,169,12,13,PumpNation#discord,Binance,1.9273,-30.4515,12092,0,copied,2018-02-26
Discord,623,1,212,3,1,PumpStation#general,None,17.8438,-19.1956,2567,0,target,2018-01-05
Discord,624,4,91,5,1,PumpStation#general,Binance,4.1432,10.8457,1844,0,target,2018-04-20
Discord,625,5,257,11,20,PumpStation#general,None,3.9077,-62.0125,4447,0,target,2018-05-12
Discord,626,5,99,40,11,MoonMission#signals,Binance,3.3528,-44.2445,2590,0,target,2018-05-14
Discord,627,5,111,2,3,CoinRocket#trade,Binance,2.9022,-45.5199,732,0,target,2018-05-28
Discord,628,5,597,10,9,CryptoGainz#pumps,Binance+Bittrex,7.7388,-54.3143,1221,0,obvious,2018-05-20
Discord,629,5,61,57,43,PumpKings#alerts,Other,1.453,11.157,1864,0,target,2018-05-10
Discord,630,5,16,31,20,PumpKings#alerts,None,0.8796,-47.8326,3561,0,copied,2018-05-29
Discord,631,2,755,11,4,PumpStation#general,Binance,4.5097,-65.1901,2681,0,target,2018-02-17
Discord,632,5,1833,2,3,MoonshotHQ#pumps,Binance,19.6718,11.8983,3405,0,target,2018-05-03
Discord,633,5,112,13,2,PumpElite#main,Bittrex,1.9103,-53.7508,433,0,target,2018-05-12
Discord,634,3,26,6,1,MoonMission#signals,Bittrex,13.6512,-68.6526,5846,0,target,2018-03-09
Discord,635,5,122,1,1,CoinRocket#trade,None,4.8046,-32.9059,2662,0,copied,2018-05-20
Discord,636,4,125,34,40,MoonMission#signals,None,5.598,-44.7715,49415,0,copied,2018-04-26
Discord,637,4,137,5,4,TradeSignals#crypto,None,20.0275,-43.2205,1673,0,copied,2018-04-02
Discord,638,1,57,13,10,PumpElite#main,Binance,5.3737,-27.4726,3895,0,copied,2018-01-24
Discord,639,5,285,3,1,CoinRocket#trade,Bittrex,5.4757,-70.3878,49415,0,obvious,2018-05-28
Discord,640,5,270,3,3,MoonshotHQ#pumps,None,1.0102,14.2893,3340,0,copied,2018-05-30
Discord,641,1,40,20,9,TradeSignals#crypto,Bittrex,2.2974,8.3552,2447,0,target,2018-01-20
Discord,642,3,319,5,1,TradeSignals#crypto,None,12.0646,1.0588,820,0,target,2018-03-11
Discord,643,1,1146,7,2,CryptoGainz#pumps,Bittrex,33.0733,-49.564,16303,0,target,2018-01-05
Discord,644,1,193,18,112,CryptoGainz#pumps,Bittrex,11.5707,-37.416,668,0,obvious,2018-01-29
Discord,645,6,119,20,1,GainersClub#signals,None,4.2332,11.2725,4405,0,copied,2018-06-12
Discord,646,4,144,17,16,CoinRocket#trade,Bittrex,35.6077,-1.3805,1510,0,target,2018-04-11
Discord,647,3,294,41,2,GainersClub#signals,None,5.7477,-31.6146,2117,0,target,2018-03-24
Discord,648,3,32,10,4,PumpNation#discord,Bittrex,5.9487,-49.6627,488,0,target,2018-03-23
Discord,649,6,192,11,3,MoonMission#signals,Binance,2.4352,-16.2713,13084,0,copied,2018-06-24
Discord,650,2,114,41,1,MoonMission#signals,Bittrex,3.7597,-46.1907,1906,0,copied,2018-02-26
Discord,651,5,944,18,15,CoinRocket#trade,Binance,29.0906,-34.7914,625,0,copied,2018-05-27
Discord,652,3,139,4,1,MoonMission#signals,Other,8.4806,-42.3091,11750,0,copied,2018-03-07
Discord,653,1,797,5,1,GainersClub#signals,Binance,8.799,1.5981,1456,0,copied,2018-01-06
Discord,654,5,58,68,110,PumpNation#discord,None,4.1154,-32.2721,3947,0,target,2018-05-07
Discord,655,1,287,16,48,CoinRocket#trade,None,5.7718,-63.7994,7208,0,target,2018-01-19
Discord,656,5,222,13,41,GainersClub#signals,Bittrex,5.227,-59.4285,4658,0,target,2018-05-18
Discord,657,2,72,15,11,CoinRocket#trade,Binance,9.4269,13.6353,194,0,target,2018-02-25
Discord,658,5,194,8,4,GainersClub#signals,Bittrex,1.3449,6.1365,6059,0,copied,2018-05-26
Discord,659,5,518,10,25,CryptoGainz#pumps,None,9.061,-59.9964,2353,0,obvious,2018-05-25
Discord,660,5,121,12,47,PumpNation#discord,None,2.9068,-40.8365,1793,0,target,2018-05-03
Discord,661,1,33,25,53,GainersClub#signals,Binance,0.8396,7.4589,2329,0,copied,2018-01-21
Discord,662,5,162,14,2,CryptoGainz#pumps,Other,2.5879,17.7353,391,0,target,2018-05-26
Discord,663,6,70,10,6,PumpElite#main,Binance+Bittrex,0.7983,-49.1656,3332,0,obvious,2018-06-29
Discord,664,2,119,24,21,TradeSignals#crypto,Bittrex,5.6016,1.9386,524,0,obvious,2018-02-10
Discord,665,3,152,178,11,CryptoGainz#pumps,Binance,1.9446,-26.3868,1888,0,copied,2018-03-25
Discord,666,5,32,5,4,PumpNation#discord,None,1.771,-49.074,3193,0,target,2018-05-13
Discord,667,2,35,34,306,CryptoAlert#pump,Binance,0.4596,-74.6006,9503,0,target,2018-02-04
Discord,668,5,260,5,5,TradeSignals#crypto,Binance,1.4378,-54.4031,1001,0,target,2018-05-11
Discord,669,5,100,27,88,PumpKings#alerts,Binance,3.1678,-71.2734,14883,0,copied,2018-05-08
Discord,670,1,14,39,26,CryptoHunters#pump,Other,10.0346,-19.5522,8170,0,target,2018-01-28
Discord,671,5,346,18,8,CryptoAlert#pump,Binance+Bittrex,1.2998,-2.5894,1592,0,obvious,2018-05-06
Discord,672,5,213,33,28,PumpElite#main,Bittrex,1.8841,-32.342,710,0,copied,2018-05-04
Discord,673,3,84,20,3,PumpStation#general,Binance+Bittrex,5.5038,-0.6612,476,0,copied,2018-03-19
Discord,674,5,47,61,10,PumpStation#general,None,1.6458,-55.0814,3662,0,target,2018-05-18
Discord,675,2,363,1,1,PumpNation#discord,Bittrex,0.8322,-38.0632,1104,0,target,2018-02-16
Discord,676,3,229,46,140,PumpKings#alerts,None,8.0347,2.1345,11029,0,target,2018-03-06
Discord,677,5,1565,6,1,CryptoGainz#pumps,Bittrex,18.9041,12.2443,1182,0,copied,2018-05-15
Discord,678,2,245,28,49,MoonMission#signals,Binance,7.3918,13.2923,909,0,target,2018-02-27
Discord,679,5,237,3,1,PumpNation#discord,None,1.9994,8.8753,3500,0,copied,2018-05-03
Discord,680,1,140,6,4,PumpKings#alerts,None,12.0246,-65.8116,1173,0,copied,2018-01-24
Discord,681,4,356,10,8,MoonshotHQ#pumps,Bittrex,3.7705,-62.4647,2679,0,copied,2018-04-04
Discord,682,1,297,10,16,PumpNation#discord,None,4.7186,-53.8783,8559,0,obvious,2018-01-08
Discord,683,5,537,10,5,CryptoAlert#pump,Other,18.7009,-43.5448,3048,0,copied,2018-05-27
Discord,684,5,100,42,132,MoonshotHQ#pumps,Bittrex,2.7719,-40.7121,3062,0,copied,2018-05-09
Discord,685,5,109,3,1,CryptoGainz#pumps,None,2.1932,-43.8671,3384,0,copied,2018-05-16
Discord,686,6,104,37,43,CryptoHunters#pump,None,5.7795,2.356,354,0,obvious,2018-06-11
Discord,687,5,348,9,1,PumpStation#general,Bittrex,3.2906,7.9566,4224,0,copied,2018-05-19
Discord,688,5,679,5,33,CryptoAlert#pump,None,4.5698,-2.6859,3207,0,copied,2018-05-13
Discord,689,4,106,4,3,CryptoGainz#pumps,Bittrex,5.898,11.3178,7662,0,copied,2018-04-14
Discord,690,6,110,24,30,CryptoHunters#pump,Binance,0.4763,-62.8658,5447,0,copied,2018-06-24
Discord,691,5,221,1,1,TradeSignals#crypto,None,2.4081,-18.2105,2086,0,target,2018-05-17
Discord,692,5,130,25,4,CryptoGainz#pumps,Other,2.9602,9.9002,9044,0,target,2018-05-17
Discord,693,2,405,2,3,TradeSignals#crypto,None,2.1914,-2.5423,1873,0,copied,2018-02-24
Discord,694,4,19,35,27,PumpStation#general,None,4.1753,-34.3519,3557,0,copied,2018-04-13
Discord,695,5,75,16,1,PumpKings#alerts,Other,15.902,-24.1296,1832,0,copied,2018-05-25
Discord,696,2,78,51,103,CoinRocket#trade,Bittrex,3.8887,-40.7741,4590,0,target,2018-02-21
Discord,697,2,18,29,7,MoonMission#signals,None,1.8399,-32.1971,1695,0,obvious,2018-02-26
Discord,698,6,66,10,28,PumpElite#main,None,1.2419,-52.4873,18786,0,copied,2018-06-13
Discord,699,4,69,12,5,MoonshotHQ#pumps,None,2.5646,-40.7776,29154,0,copied,2018-04-17
Discord,700,2,136,43,30,MoonMission#signals,Binance+Bittrex,4.5778,-40.6081,7492,0,obvious,2018-02-03
Discord,701,3,471,13,28,PumpElite#main,Bittrex,7.9607,14.1572,16558,0,target,2018-03-05
Discord,702,3,130,10,1,MoonshotHQ#pumps,Binance,5.4888,-64.11,425,0,copied,2018-03-05
Discord,703,5,62,16,2,PumpNation#discord,Bittrex,3.8631,13.032,489,0,target,2018-05-19
Discord,704,6,156,3,1,PumpStation#general,Binance,2.1817,3.4727,1809,0,target,2018-06-09
Discord,705,6,444,12,16,CryptoAlert#pump,None,2.2049,-65.1598,2785,0,target,2018-06-08
Discord,706,5,65,4,1,PumpStation#general,None,1.522,10.3429,2095,0,target,2018-05-19
Discord,707,5,69,37,2,PumpElite#main,Bittrex,0.9608,-47.3656,376,0,target,2018-05-12
Discord,708,3,279,11,15,PumpElite#main,Bittrex,16.9038,-23.8782,10420,0,copied,2018-03-06
Discord,709,5,133,118,34,PumpNation#discord,None,4.9738,-52.8272,34301,0,copied,2018-05-17
Discord,710,2,303,3,1,CryptoGainz#pumps,Binance,2.9401,9.6314,12152,0,copied,2018-02-16
Discord,711,1,162,12,1,CryptoGainz#pumps,None,5.3314,0.0068,9633,0,copied,2018-01-05
Discord,712,6,319,48,11,PumpNation#discord,Bittrex,0.7534,-39.2893,3469,0,obvious,2018-06-08
Discord,713,5,62,57,32,CryptoGainz#pumps,Binance,3.7378,-52.7275,973,0,target,2018-05-08
Discord,714,3,163,7,10,CoinRocket#trade,Binance,1.8831,-46.2895,2890,0,target,2018-03-22
Discord,715,5,135,17,3,GainersClub#signals,None,2.6813,1.0584,32376,0,obvious,2018-05-08
Discord,716,4,52,21,85,CryptoHunters#pump,Bittrex,2.941,-44.8211,1745,0,copied,2018-04-01
Discord,717,3,37,32,7,CryptoGainz#pumps,None,0.4724,-70.486,1544,0,target,2018-03-10
Discord,718,3,315,5,1,MoonMission#signals,Binance,7.1625,11.3473,9886,0,copied,2018-03-16
Discord,719,1,118,14,47,CryptoAlert#pump,Binance,4.7221,-24.854,10697,0,target,2018-01-24
Discord,720,5,62,4,2,PumpKings#alerts,None,0.9418,-51.6844,968,0,target,2018-05-02
Discord,721,4,150,15,3,PumpStation#general,Binance,2.3278,-47.5063,1943,0,target,2018-04-27
Discord,722,4,478,12,4,CryptoGainz#pumps,Binance,3.8774,-36.7637,1460,0,target,2018-04-10
Discord,723,2,19,27,76,MoonMission#signals,Other,11.3452,-51.0771,2881,0,copied,2018-02-10
Discord,724,6,40,5,14,CryptoAlert#pump,None,2.4798,-44.5366,9844,0,copied,2018-05-31
Discord,725,5,68,46,9,MoonMission#signals,Bittrex,0.9341,-58.7075,1020,0,target,2018-05-09
Discord,726,6,655,9,4,PumpStation#general,Binance,10.4725,16.6046,9681,0,copied,2018-06-14
Discord,727,1,215,6,3,CoinRocket#trade,None,9.8847,-52.3886,2992,0,copied,2018-01-19
Discord,728,5,340,7,1,PumpStation#general,None,8.2353,9.102,42080,0,target,2018-05-24
Discord,729,5,56,5,2,MoonMission#signals,None,2.1345,-63.747,3873,0,obvious,2018-05-16
Discord,730,3,57,8,3,CryptoAlert#pump,None,2.7163,8.9241,2363,0,target,2018-03-05
Discord,731,2,251,6,11,GainersClub#signals,None,2.5348,-52.9502,5250,0,obvious,2018-02-11
Discord,732,2,174,38,92,PumpStation#general,Bittrex,0.7738,10.5803,1776,0,copied,2018-02-22
Discord,733,3,276,5,1,PumpKings#alerts,Bittrex,2.7609,-66.8446,314,0,target,2018-03-21
Discord,734,4,138,24,9,CryptoGainz#pumps,None,2.4678,-47.4839,1992,0,target,2018-04-18
Discord,735,3,214,7,7,PumpStation#general,None,3.5669,-45.4942,1955,0,copied,2018-03-17
Discord,736,3,191,15,3,PumpElite#main,None,3.9579,-56.3382,399,0,target,2018-03-17
Discord,737,5,343,8,7,CoinRocket#trade,Other,1.4999,6.2521,2431,0,copied,2018-05-30
Discord,738,1,353,20,9,PumpNation#discord,Bittrex,3.44,-1.8624,227,0,obvious,2018-01-18
Discord,739,3,35,16,2,MoonshotHQ#pumps,Binance+Bittrex,2.7391,5.3266,1754,0,target,2018-03-19
Discord,740,5,19,8,1,CryptoGainz#pumps,None,0.7457,-45.6553,3542,0,obvious,2018-05-11
Discord,741,2,424,2,5,MoonshotHQ#pumps,Binance+Bittrex,8.4399,15.9053,2976,0,target,2018-02-14
Discord,742,2,506,5,1,CoinRocket#trade,None,4.158,13.9039,1627,0,target,2018-02-21
Discord,743,2,62,6,21,CryptoGainz#pumps,None,1.6099,-41.843,2395,0,copied,2018-02-25
Discord,744,1,28,40,11,TradeSignals#crypto,Binance,3.0675,-42.7604,1044,0,copied,2018-01-24
Discord,745,4,181,8,5,PumpStation#general,Other,3.4865,16.4759,2686,0,copied,2018-04-20
Discord,746,1,397,73,759,PumpElite#main,None,7.2843,-59.9189,2841,0,obvious,2018-01-24
Discord,747,3,901,1,1,GainersClub#signals,None,10.3998,-64.1364,909,0,copied,2018-03-02
Discord,748,6,268,12,1,MoonMission#signals,Bittrex,0.5371,0.2095,3645,0,obvious,2018-06-08
Discord,749,6,116,5,11,TradeSignals#crypto,None,2.198,-38.4004,3618,0,copied,2018-06-07
Discord,750,2,70,12,2,CryptoGainz#pumps,Binance+Bittrex,1.4441,-73.497,2176,0,copied,2018-02-19
Discord,751,3,166,14,6,TradeSignals#crypto,Other,6.9702,-24.1099,47101,0,copied,2018-03-24
Discord,752,4,124,1,1,PumpStation#general,Binance,1.2815,7.6251,2243,0,target,2018-04-05
Discord,753,5,63,24,17,CryptoGainz#pumps,None,3.7279,9.2793,1903,0,copied,2018-05-06
Discord,754,5,1142,30,5,MoonMission#signals,None,43.5688,1.4084,1605,0,copied,2018-05-15
Discord,755,1,890,4,1,TradeSignals#crypto,Other,134.7489,1.2204,836,0,target,2018-01-30
Discord,756,1,482,10,8,CryptoGainz#pumps,Other,1.8923,-46.7203,5991,0,copied,2018-01-01
Discord,757,4,69,47,7,MoonshotHQ#pumps,Binance,0.5487,-34.1551,1173,0,obvious,2018-04-27
Discord,758,5,369,8,1,CryptoGainz#pumps,None,11.8501,-58.7827,1350,0,target,2018-05-06
Discord,759,5,301,6,1,PumpKings#alerts,Binance+Bittrex,1.8955,-34.5388,1398,0,copied,2018-05-09
Discord,760,1,250,1,1,MoonMission#signals,None,3.7591,13.4227,822,0,copied,2018-01-19
Discord,761,5,536,13,3,PumpStation#general,Binance,4.2802,11.1089,331,0,target,2018-05-22
Discord,762,2,300,9,5,CryptoAlert#pump,None,3.1045,-67.1371,1529,0,target,2018-02-26
Discord,763,5,331,3,1,PumpKings#alerts,Bittrex,0.8813,10.5909,7486,0,target,2018-05-01
Discord,764,6,300,11,3,GainersClub#signals,None,6.5327,2.6067,3351,0,target,2018-06-01
Discord,765,4,227,6,2,PumpElite#main,None,2.454,-54.2105,16941,0,target,2018-04-15
Discord,766,1,30,17,3,CoinRocket#trade,Bittrex,3.7775,-46.6776,6473,0,target,2018-01-17
Discord,767,5,178,21,25,CryptoHunters#pump,Binance+Bittrex,0.6378,-69.5447,4943,0,copied,2018-05-08
Discord,768,4,97,5,13,MoonshotHQ#pumps,None,3.1552,-26.7312,24841,0,target,2018-04-20
Discord,769,5,49,56,17,GainersClub#signals,None,5.1227,-57.2884,2362,0,target,2018-05-08
Discord,770,3,807,1,1,CoinRocket#trade,Binance,12.2555,-31.2369,2858,0,target,2018-03-29
Discord,771,5,844,3,1,CryptoHunters#pump,Binance+Bittrex,11.2695,-49.1802,2616,0,obvious,2018-05-06
Discord,772,3,595,41,35,CryptoHunters#pump,Bittrex,62.5728,-60.3611,16607,0,target,2018-03-21
Discord,773,2,209,32,119,PumpKings#alerts,None,12.3574,7.6422,2660,0,target,2018-02-15
Discord,774,3,590,8,7,CryptoHunters#pump,None,13.4002,-2.5155,1227,0,target,2018-03-05
Discord,775,1,166,5,1,PumpKings#alerts,Binance,7.4357,-45.203,5331,0,target,2018-01-19
Discord,776,3,199,7,5,PumpNation#discord,None,16.5029,-61.2624,1005,0,copied,2018-03-06
Discord,777,5,58,22,52,CryptoAlert#pump,None,3.795,-23.7752,4999,0,copied,2018-05-17
Discord,778,1,239,11,4,CryptoAlert#pump,None,5.4753,-52.8416,4336,0,copied,2018-01-20
Discord,779,1,174,11,18,TradeSignals#crypto,Binance,8.3776,-64.1991,2117,0,target,2018-01-03
Discord,780,1,48,21,4,CryptoHunters#pump,Bittrex,3.1574,-44.4633,5195,0,obvious,2018-01-07
Discord,781,1,157,11,1,PumpNation#discord,Binance+Bittrex,0.9957,-57.6639,452,0,target,2018-01-09
Discord,782,5,152,3,1,CryptoGainz#pumps,Binance,2.241,-0.2711,3218,0,copied,2018-05-28
Discord,783,6,901,4,1,CoinRocket#trade,Binance+Bittrex,4.6338,-48.4799,1530,0,copied,2018-06-06
Discord,784,1,383,20,7,CryptoGainz#pumps,Binance,11.5062,7.8833,49415,0,obvious,2018-01-28
Discord,785,5,166,3,6,PumpStation#general,Binance,3.7421,-68.1682,3191,0,target,2018-05-17
Discord,786,5,208,10,1,CryptoAlert#pump,None,3.7437,-21.3413,1305,0,target,2018-05-29
Discord,787,6,171,6,1,TradeSignals#crypto,Bittrex,2.1064,3.5031,515,0,target,2018-06-24
Discord,788,3,136,15,2,CoinRocket#trade,None,5.6673,-60.5157,12510,0,copied,2018-03-10
Discord,789,3,59,14,6,CryptoGainz#pumps,Binance,1.7609,17.2791,1749,0,target,2018-03-18
Discord,790,4,142,51,18,GainersClub#signals,Other,1.8461,6.9012,1035,0,obvious,2018-04-22
Discord,791,5,81,27,81,PumpKings#alerts,Bittrex,3.3832,-69.7172,3954,0,target,2018-05-03
Discord,792,5,50,6,9,TradeSignals#crypto,None,1.3602,-45.3902,5739,0,target,2018-05-20
Discord,793,4,267,19,18,CryptoAlert#pump,None,6.7563,-51.0506,5633,0,target,2018-04-14
Discord,794,2,238,5,2,MoonMission#signals,Bittrex,5.6671,-44.6828,2715,0,target,2018-02-01
Discord,795,5,30,16,13,CryptoGainz#pumps,None,2.292,-64.7667,3204,0,target,2018-05-27
Discord,796,5,146,18,3,MoonMission#signals,Bittrex,3.7679,-66.4647,3494,0,obvious,2018-05-08
Discord,797,3,422,5,6,PumpStation#general,None,6.9306,-1.2452,3955,0,copied,2018-03-28
Discord,798,5,448,18,2,MoonMission#signals,Binance,2.8395,-2.6253,4394,0,target,2018-05-07
Discord,799,4,434,4,5,PumpStation#general,Binance+Bittrex,1.9598,-56.3692,9736,0,obvious,2018-04-17
Discord,800,4,171,7,14,PumpStation#general,Binance,5.6167,-62.007,2835,0,copied,2018-04-12
Discord,801,5,74,10,6,MoonMission#signals,None,6.6639,12.2304,1004,0,target,2018-05-27
Discord,802,5,59,12,4,CryptoGainz#pumps,Binance+Bittrex,1.3273,0.6016,2234,0,copied,2018-05-29
Discord,803,6,228,30,26,GainersClub#signals,None,9.9855,-29.9767,6495,0,copied,2018-06-23
Discord,804,4,235,19,1,PumpStation#general,Bittrex,1.1139,-34.5819,317,0,target,2018-04-26
Discord,805,3,556,35,27,TradeSignals#crypto,Bittrex,51.9885,0.9441,319,0,target,2018-03-25
Discord,806,3,466,62,30,CryptoGainz#pumps,Binance,2.5354,5.9,7897,0,copied,2018-03-10
Discord,807,1,145,5,2,PumpStation#general,None,3.0831,2.5453,16146,0,target,2018-01-28
Discord,808,3,50,23,29,PumpStation#general,None,1.3615,-64.7332,589,0,target,2018-03-17
Discord,809,1,121,5,2,GainersClub#signals,Binance,3.2088,-57.5187,2988,0,copied,2018-01-11
Discord,810,4,202,6,1,CryptoGainz#pumps,None,3.2448,-15.5308,1649,0,target,2018-04-06
Discord,811,2,136,8,3,CoinRocket#trade,Bittrex,0.3817,-53.8135,1945,0,copied,2018-02-21
Discord,812,3,95,6,3,PumpStation#general,Binance,1.8423,9.9481,3812,0,copied,2018-03-10
Discord,813,5,209,4,2,CryptoAlert#pump,Other,5.7841,-38.1298,570,0,copied,2018-05-20
Discord,814,2,102,14,8,PumpStation#general,Binance,1.9198,7.1995,711,0,copied,2018-02-01
Discord,815,5,91,5,8,PumpKings#alerts,Binance,1.2958,-0.6595,1854,0,copied,2018-05-20
Discord,816,6,221,24,3,TradeSignals#crypto,None,1.3561,13.4796,2231,0,target,2018-06-19
Discord,817,5,112,6,3,CryptoGainz#pumps,Bittrex,3.4895,5.943,695,0,copied,2018-05-16
Discord,818,2,207,142,429,MoonMission#signals,None,4.8883,9.8275,6778,0,copied,2018-02-19
Discord,819,3,213,7,1,TradeSignals#crypto,None,3.1325,-29.2057,1614,0,copied,2018-03-31
Discord,820,5,56,22,14,MoonMission#signals,None,1.5864,-38.4721,1606,0,copied,2018-05-26
Discord,821,4,104,5,1,PumpStation#general,None,3.3498,-70.6021,3710,0,copied,2018-04-14
Discord,822,1,641,32,10,PumpKings#alerts,None,18.064,-2.9172,2275,0,target,2018-01-27
Discord,823,4,55,56,10,PumpStation#general,Bittrex,1.97,10.1544,7174,0,copied,2018-04-29
Discord,824,5,22,40,17,MoonshotHQ#pumps,Other,1.9465,-28.6228,874,0,obvious,2018-05-05
Discord,825,2,28,8,37,CryptoHunters#pump,Other,5.5171,-42.5875,503,0,target,2018-02-10
Discord,826,5,169,15,1,PumpElite#main,None,0.5106,-42.0259,1835,0,target,2018-05-23
Discord,827,1,169,4,1,CryptoGainz#pumps,Binance,4.9195,-55.5435,2848,0,copied,2018-01-16
Discord,828,3,147,50,5,GainersClub#signals,None,1.6218,2.9398,607,0,copied,2018-03-06
Discord,829,5,519,16,69,GainersClub#signals,None,33.8316,-20.0742,509,0,target,2018-05-15
Discord,830,2,13,42,13,PumpStation#general,Bittrex,3.0383,7.3818,3293,0,obvious,2018-02-11
Discord,831,5,239,1,1,MoonshotHQ#pumps,None,1.1222,-41.6817,1077,0,target,2018-05-23
Discord,832,4,720,2,1,PumpElite#main,Bittrex,4.5182,-60.7467,472,0,target,2018-04-16
Discord,833,3,56,38,6,PumpNation#discord,Binance,3.4496,-38.086,8351,0,obvious,2018-03-06
Discord,834,6,115,44,18,CryptoGainz#pumps,None,3.1759,3.2521,1251,0,copied,2018-06-01
Discord,835,3,80,47,547,PumpStation#general,Binance+Bittrex,1.0663,-62.4531,10398,0,target,2018-03-10
Discord,836,2,70,4,10,GainersClub#signals,Binance,7.0699,-50.4929,2743,0,target,2018-02-04
Discord,837,6,121,19,3,PumpNation#discord,Binance,1.5498,-43.1413,3764,0,target,2018-06-26
Discord,838,5,635,17,19,MoonMission#signals,Binance,10.8448,17.9215,2062,0,target,2018-05-09
Discord,839,5,935,1,1,PumpStation#general,None,5.2036,1.8477,141,0,copied,2018-05-20
Discord,840,1,120,14,1,TradeSignals#crypto,None,3.9668,16.1701,686,0,target,2018-01-04
Discord,841,1,997,7,11,CryptoGainz#pumps,Other,14.8362,-30.3941,2284,0,target,2018-01-14
Discord,842,5,170,9,18,MoonMission#signals,Binance,3.6852,16.2773,4090,0,copied,2018-05-29
Discord,843,2,864,1,1,CryptoHunters#pump,Other,50.9021,-63.1491,316,0,obvious,2018-02-19
Discord,844,2,150,10,2,PumpStation#general,None,4.2415,5.841,2488,0,copied,2018-02-08
Discord,845,5,186,9,3,PumpStation#general,None,2.9,-57.3039,698,0,copied,2018-05-23
Discord,846,3,232,9,11,PumpStation#general,Bittrex,3.386,-59.7116,3504,0,copied,2018-03-17
Discord,847,1,2036,2,1,MoonshotHQ#pumps,Binance,19.8796,3.3841,2591,0,copied,2018-01-08
Discord,848,1,368,6,1,MoonMission#signals,None,2.1266,5.0017,6416,0,target,2018-01-30
Discord,849,4,84,17,1,CryptoHunters#pump,None,0.8897,-36.5262,9422,0,target,2018-04-29
Discord,850,5,411,13,7,CryptoAlert#pump,Binance,0.6067,-24.3214,4575,0,obvious,2018-05-17
Discord,851,5,117,11,20,GainersClub#signals,None,1.2123,17.7761,7372,0,obvious,2018-05-01
Discord,852,1,103,11,1,CoinRocket#trade,Binance,2.3089,9.9947,1748,0,target,2018-01-13
Discord,853,2,389,9,9,CoinRocket#trade,Binance,3.2313,8.4404,49415,0,target,2018-02-15
Discord,854,5,169,2,1,MoonMission#signals,None,3.9024,-36.4156,623,0,target,2018-05-28
Discord,855,3,214,17,22,PumpElite#main,Other,6.9571,-43.4921,1416,0,target,2018-03-23
Discord,856,4,167,13,19,CryptoAlert#pump,Bittrex,1.9306,-2.2457,7740,0,copied,2018-04-07
Discord,857,6,226,11,2,PumpNation#discord,None,3.1025,14.8047,6487,0,target,2018-06-15
Discord,858,5,246,25,1,PumpKings#alerts,None,4.3169,-1.2401,4732,0,target,2018-05-06
Discord,859,4,26,5,1,MoonMission#signals,Binance,3.6955,-2.0136,5917,0,target,2018-04-15
Discord,860,6,309,1,1,MoonshotHQ#pumps,None,0.5461,-12.4312,223,0,copied,2018-06-16
Discord,861,1,65,25,6,CryptoGainz#pumps,None,1.6435,-59.2041,17530,0,target,2018-01-16
Discord,862,6,42,23,5,TradeSignals#crypto,Other,0.805,2.772,2081,0,copied,2018-06-12
Discord,863,4,156,15,1,CryptoGainz#pumps,None,5.0878,-40.1236,11656,0,obvious,2018-04-14
Discord,864,4,178,8,33,GainersClub#signals,None,3.3637,6.9916,236,0,target,2018-04-24
Discord,865,6,85,31,46,TradeSignals#crypto,Binance,0.795,15.8011,3597,0,copied,2018-06-15
Discord,866,4,361,21,28,CoinRocket#trade,Binance,0.8428,13.5917,1357,0,obvious,2018-04-02
Discord,867,4,46,35,63,CryptoGainz#pumps,None,2.3033,-45.9986,5234,0,target,2018-04-23
Discord,868,3,112,12,12,TradeSignals#crypto,None,3.4147,1.1503,3865,0,obvious,2018-03-20
Discord,869,5,94,2,1,MoonMission#signals,Binance,3.3885,-10.0618,4097,0,target,2018-05-21
Discord,870,5,157,26,11,MoonMission#signals,Binance,3.2082,-33.837,753,0,target,2018-05-22
Discord,871,2,214,34,10,CoinRocket#trade,None,16.8477,-62.309,2478,0,target,2018-02-05
Discord,872,5,63,35,494,PumpKings#alerts,Binance,1.4244,-73.824,2140,0,target,2018-05-30
Discord,873,5,326,4,3,GainersClub#signals,Binance,1.1375,4.8137,4777,0,copied,2018-05-30
Discord,874,3,175,23,6,CryptoGainz#pumps,None,16.9633,13.385,8592,0,target,2018-03-06
Discord,875,1,27,61,62,PumpKings#alerts,None,1.4752,-13.3269,3171,0,obvious,2018-01-07
Discord,876,4,25,117,20,MoonshotHQ#pumps,None,1.383,8.0689,582,0,copied,2018-04-08
Discord,877,1,162,6,18,PumpStation#general,None,3.9091,-54.7934,3013,0,target,2018-01-29
Discord,878,1,133,11,2,PumpKings#alerts,Bittrex,4.146,0.6643,49415,0,copied,2018-01-28
Discord,879,4,149,26,25,CryptoHunters#pump,None,5.0645,5.3172,18752,0,target,2018-04-08
Discord,880,1,160,14,26,MoonshotHQ#pumps,Bittrex,4.9939,-39.4243,141,0,copied,2018-01-19
Discord,881,3,204,4,2,PumpElite#main,Bittrex,5.3593,-61.9496,2859,0,copied,2018-03-09
Discord,882,5,403,12,6,TradeSignals#crypto,None,1.9456,-55.5562,8028,0,target,2018-05-02
Discord,883,3,57,34,18,CryptoGainz#pumps,None,1.7565,-35.1709,2135,0,copied,2018-03-08
Discord,884,6,54,23,11,MoonMission#signals,None,0.8662,10.1447,1535,0,copied,2018-06-02
Discord,885,6,58,25,6,CryptoAlert#pump,Binance,0.7882,-36.6017,1931,0,copied,2018-06-25
Discord,886,5,216,9,2,MoonshotHQ#pumps,None,3.4475,-48.4193,5111,0,target,2018-05-24
Discord,887,6,534,29,96,PumpElite#main,None,9.0443,-29.5473,677,0,target,2018-06-05
Discord,888,5,109,7,2,CoinRocket#trade,None,2.3867,17.4377,10890,0,target,2018-05-18
Discord,889,3,15,22,4,PumpKings#alerts,None,6.2591,-15.5983,2481,0,copied,2018-03-08
Discord,890,5,32,26,7,PumpStation#general,Bittrex,2.1167,10.8981,873,0,obvious,2018-05-17
Discord,891,1,75,40,86,MoonshotHQ#pumps,None,28.4429,-2.6599,10088,0,obvious,2018-01-27
Discord,892,5,97,4,4,TradeSignals#crypto,None,1.1534,-65.4665,422,0,copied,2018-05-27
Discord,893,4,112,4,3,PumpKings#alerts,None,2.5735,-69.3457,1371,0,target,2018-04-25
Discord,894,1,171,2,1,MoonMission#signals,None,2.6392,-31.8009,1344,0,copied,2018-01-08
Discord,895,3,122,15,15,MoonMission#signals,None,1.0604,-57.5134,33886,0,target,2018-03-07
Discord,896,6,444,3,1,PumpStation#general,Binance,0.9791,11.8052,1175,0,copied,2018-06-04
Discord,897,3,87,12,4,GainersClub#signals,Binance,1.5083,2.2682,204,0,target,2018-03-05
Discord,898,2,73,33,59,PumpElite#main,None,3.1846,-66.7404,1328,0,target,2018-02-18
Discord,899,2,259,6,8,CryptoGainz#pumps,None,6.5536,-36.3929,4557,0,copied,2018-02-19
Discord,900,4,38,30,4,CryptoHunters#pump,None,1.6385,-36.5846,6733,0,target,2018-04-27
Discord,901,5,238,8,1,CryptoAlert#pump,Binance,2.5129,-58.5511,39669,0,target,2018-05-03
Discord,902,5,181,22,13,PumpStation#general,Bittrex,1.2571,15.1053,14114,0,target,2018-05-08
Discord,903,4,143,21,92,PumpKings#alerts,None,6.4328,5.0617,3315,0,copied,2018-04-22
Discord,904,2,739,3,1,CoinRocket#trade,None,10.6657,1.1919,919,0,target,2018-02-20
Discord,905,1,91,14,9,CryptoGainz#pumps,Binance,6.7251,-7.1905,18268,0,target,2018-01-13
Discord,906,4,1154,14,1,CoinRocket#trade,None,12.0229,-74.2184,1711,0,target,2018-04-05
Discord,907,5,133,20,4,CryptoHunters#pump,Binance,1.1554,-14.727,1213,0,target,2018-05-15
Discord,908,5,49,6,1,CryptoGainz#pumps,Binance+Bittrex,1.4445,6.8269,1615,0,copied,2018-05-06
Discord,909,4,176,22,6,CryptoGainz#pumps,Bittrex,2.2194,2.3592,598,0,target,2018-04-17
Discord,910,5,59,7,1,TradeSignals#crypto,Binance,1.9845,1.9523,1526,0,copied,2018-05-28
Discord,911,4,81,62,35,MoonMission#signals,Binance,0.5426,-52.1632,2010,0,copied,2018-04-06
Discord,912,5,239,27,7,CryptoHunters#pump,None,2.1667,-73.5648,6319,0,copied,2018-05-04
Discord,913,4,278,13,1,CryptoHunters#pump,None,1.2657,9.0385,1672,0,copied,2018-04-23
Discord,914,5,91,19,25,TradeSignals#crypto,None,2.5365,-57.2534,588,0,target,2018-05-01
Discord,915,4,419,7,8,PumpNation#discord,Binance+Bittrex,2.8307,13.1143,394,0,copied,2018-04-30
Discord,916,6,492,14,20,TradeSignals#crypto,Bittrex,0.7193,-49.1684,3402,0,copied,2018-06-23
Discord,917,4,640,5,1,CryptoHunters#pump,Bittrex,16.8575,14.534,2891,0,copied,2018-04-13
Discord,918,1,271,13,9,PumpKings#alerts,None,7.6644,-46.5797,1372,0,target,2018-01-11
Discord,919,2,597,16,18,MoonMission#signals,Bittrex,35.0369,5.3511,1521,0,target,2018-02-11
Discord,920,4,27,17,2,MoonMission#signals,None,2.9823,-28.2136,4208,0,copied,2018-04-12
Discord,921,5,122,8,3,PumpKings#alerts,None,4.9612,-66.717,13842,0,target,2018-05-26
Discord,922,5,72,6,2,PumpStation#general,None,12.6147,-58.6005,1049,0,copied,2018-05-24
Discord,923,5,184,4,17,PumpKings#alerts,Bittrex,6.9706,-73.0676,2947,0,target,2018-05-07
Discord,924,3,96,3,14,MoonMission#signals,Other,3.3748,-1.5971,8281,0,target,2018-03-07
Discord,925,5,140,26,1,PumpStation#general,Bittrex,5.5553,7.1635,1054,0,target,2018-05-17
Discord,926,5,975,30,351,MoonMission#signals,Binance,1.7379,6.1094,2603,0,target,2018-05-20
Discord,927,4,140,49,8,PumpNation#discord,None,0.9215,1.1366,2535,0,obvious,2018-04-22
Discord,928,4,243,2,2,PumpElite#main,Other,36.8127,15.819,558,0,copied,2018-04-10
Discord,929,2,132,27,47,TradeSignals#crypto,None,1.5626,-28.4649,3240,0,copied,2018-02-14
Discord,930,4,177,44,7,PumpElite#main,Binance,3.9489,17.4571,2753,0,copied,2018-04-04
Discord,931,5,165,8,7,TradeSignals#crypto,None,14.5386,-54.646,5129,0,copied,2018-05-14
Discord,932,6,251,11,4,PumpNation#discord,None,6.2838,-1.9133,647,0,copied,2018-06-20
Discord,933,5,495,1,1,PumpStation#general,Binance+Bittrex,4.4528,-59.0289,2683,0,target,2018-05-10
Discord,934,3,781,8,5,CryptoAlert#pump,None,9.9876,13.7107,13698,0,copied,2018-03-11
Discord,935,5,220,4,7,PumpStation#general,Bittrex,2.9614,-52.8066,31313,0,copied,2018-05-14
Discord,936,5,287,12,6,PumpElite#main,None,0.7147,-34.5014,12140,0,copied,2018-05-26
Discord,937,3,55,5,1,PumpNation#discord,None,1.3395,-67.276,654,0,obvious,2018-03-20
Discord,938,5,151,22,44,MoonMission#signals,None,5.7109,-38.0719,4532,0,copied,2018-05-28
Discord,939,1,400,22,23,PumpElite#main,None,1.8957,-39.9084,1493,0,target,2018-01-02
Discord,940,1,373,4,4,MoonMission#signals,Binance+Bittrex,10.3819,-59.2972,3716,0,obvious,2018-01-26
Discord,941,1,201,4,1,PumpStation#general,None,2.8578,-54.3964,1059,0,copied,2018-01-02
Discord,942,2,380,1,1,PumpStation#general,None,2.5536,-59.8068,346,0,copied,2018-02-09
Discord,943,5,262,8,1,PumpStation#general,Binance,1.9729,-51.902,1761,0,target,2018-05-13
Discord,944,4,512,4,1,PumpStation#general,Binance,13.5573,10.56,6259,0,obvious,2018-04-08
Discord,945,3,216,2,2,CryptoHunters#pump,None,1.8573,-19.078,3734,0,copied,2018-03-31
Discord,946,4,117,22,38,CoinRocket#trade,None,3.6575,-35.4648,4280,0,target,2018-04-27
Discord,947,3,226,7,2,PumpKings#alerts,Other,1.662,-31.3438,3429,0,obvious,2018-03-19
Discord,948,3,10,17,51,GainersClub#signals,None,5.9353,-70.0238,4288,0,copied,2018-03-15
Discord,949,1,236,6,15,PumpStation#general,None,5.9194,-11.8578,4975,0,copied,2018-01-23
Discord,950,5,5,153,128,MoonMission#signals,Bittrex,2.1146,2.4902,1913,0,target,2018-05-22
Discord,951,1,32,45,9,PumpNation#discord,Bittrex,0.7776,-55.5084,2926,0,copied,2018-01-15
Discord,952,5,252,9,30,MoonshotHQ#pumps,None,1.9047,-16.2363,21049,0,target,2018-05-25
